-- MySQL dump 10.13  Distrib 8.0.38, for Win64 (x86_64)
--
-- Host: localhost    Database: findingjob
-- ------------------------------------------------------
-- Server version	8.0.40

/*!40101 SET @OLD_CHARACTER_SET_CLIENT=@@CHARACTER_SET_CLIENT */;
/*!40101 SET @OLD_CHARACTER_SET_RESULTS=@@CHARACTER_SET_RESULTS */;
/*!40101 SET @OLD_COLLATION_CONNECTION=@@COLLATION_CONNECTION */;
/*!50503 SET NAMES utf8 */;
/*!40103 SET @OLD_TIME_ZONE=@@TIME_ZONE */;
/*!40103 SET TIME_ZONE='+00:00' */;
/*!40014 SET @OLD_UNIQUE_CHECKS=@@UNIQUE_CHECKS, UNIQUE_CHECKS=0 */;
/*!40014 SET @OLD_FOREIGN_KEY_CHECKS=@@FOREIGN_KEY_CHECKS, FOREIGN_KEY_CHECKS=0 */;
/*!40101 SET @OLD_SQL_MODE=@@SQL_MODE, SQL_MODE='NO_AUTO_VALUE_ON_ZERO' */;
/*!40111 SET @OLD_SQL_NOTES=@@SQL_NOTES, SQL_NOTES=0 */;

--
-- Table structure for table `applications`
--

DROP TABLE IF EXISTS `applications`;
/*!40101 SET @saved_cs_client     = @@character_set_client */;
/*!50503 SET character_set_client = utf8mb4 */;
CREATE TABLE `applications` (
  `application_id` int NOT NULL AUTO_INCREMENT,
  `application_date` datetime(6) DEFAULT NULL,
  `cover_letter` text,
  `status` enum('APPLIED','INTERVIEW','ACCEPTED','REJECTED') DEFAULT NULL,
  `job_id` int NOT NULL,
  `user_id` int NOT NULL,
  `cv_url` varchar(255) DEFAULT NULL,
  `interview_date` datetime(6) DEFAULT NULL,
  PRIMARY KEY (`application_id`),
  KEY `FK65weib1lru9dkrbto5pv389vi` (`job_id`),
  KEY `FKfsfqljedcla632u568jl5qf3w` (`user_id`),
  CONSTRAINT `FK65weib1lru9dkrbto5pv389vi` FOREIGN KEY (`job_id`) REFERENCES `jobs` (`job_id`),
  CONSTRAINT `FKfsfqljedcla632u568jl5qf3w` FOREIGN KEY (`user_id`) REFERENCES `users` (`user_id`)
) ENGINE=InnoDB AUTO_INCREMENT=43 DEFAULT CHARSET=utf8mb4 COLLATE=utf8mb4_0900_ai_ci;
/*!40101 SET character_set_client = @saved_cs_client */;

--
-- Dumping data for table `applications`
--

LOCK TABLES `applications` WRITE;
/*!40000 ALTER TABLE `applications` DISABLE KEYS */;
/*!40000 ALTER TABLE `applications` ENABLE KEYS */;
UNLOCK TABLES;

--
-- Table structure for table `bookmarks`
--

DROP TABLE IF EXISTS `bookmarks`;
/*!40101 SET @saved_cs_client     = @@character_set_client */;
/*!50503 SET character_set_client = utf8mb4 */;
CREATE TABLE `bookmarks` (
  `user_id` int NOT NULL,
  `job_id` int NOT NULL,
  PRIMARY KEY (`user_id`,`job_id`),
  KEY `FKn7m2tvrmm8hq11ahswawj0kq6` (`job_id`),
  CONSTRAINT `FKdbsho2e05w5r13fkjqfjmge5f` FOREIGN KEY (`user_id`) REFERENCES `users` (`user_id`),
  CONSTRAINT `FKn7m2tvrmm8hq11ahswawj0kq6` FOREIGN KEY (`job_id`) REFERENCES `jobs` (`job_id`)
) ENGINE=InnoDB DEFAULT CHARSET=utf8mb4 COLLATE=utf8mb4_0900_ai_ci;
/*!40101 SET character_set_client = @saved_cs_client */;

--
-- Dumping data for table `bookmarks`
--

LOCK TABLES `bookmarks` WRITE;
/*!40000 ALTER TABLE `bookmarks` DISABLE KEYS */;
INSERT INTO `bookmarks` VALUES (9,5),(9,8),(9,10);
/*!40000 ALTER TABLE `bookmarks` ENABLE KEYS */;
UNLOCK TABLES;

--
-- Table structure for table `companies`
--

DROP TABLE IF EXISTS `companies`;
/*!40101 SET @saved_cs_client     = @@character_set_client */;
/*!50503 SET character_set_client = utf8mb4 */;
CREATE TABLE `companies` (
  `company_id` int NOT NULL AUTO_INCREMENT,
  `company_name` varchar(255) NOT NULL,
  `created_at` datetime DEFAULT CURRENT_TIMESTAMP,
  `description` text,
  `logo_url` text,
  `updated_at` datetime DEFAULT CURRENT_TIMESTAMP ON UPDATE CURRENT_TIMESTAMP,
  `website` text,
  `user_id` int NOT NULL,
  `address` varchar(255) NOT NULL,
  PRIMARY KEY (`company_id`),
  KEY `FK9l5d0fem75e59uwf9upwuf9du` (`user_id`),
  CONSTRAINT `FK9l5d0fem75e59uwf9upwuf9du` FOREIGN KEY (`user_id`) REFERENCES `users` (`user_id`)
) ENGINE=InnoDB AUTO_INCREMENT=17 DEFAULT CHARSET=utf8mb4 COLLATE=utf8mb4_0900_ai_ci;
/*!40101 SET character_set_client = @saved_cs_client */;

--
-- Dumping data for table `companies`
--

LOCK TABLES `companies` WRITE;
/*!40000 ALTER TABLE `companies` DISABLE KEYS */;
INSERT INTO `companies` VALUES (1,'OneSt Vo Van Ngan','2025-03-23 10:11:03','Trường Đại học Sư phạm Kỹ thuật TP. Hồ Chí Minh (HCMUTE) là một trong những trường đại học kỹ thuật hàng đầu tại Việt Nam, nổi bật trong đào tạo kỹ sư và giáo viên kỹ thuật. Trường được biết đến với chất lượng giảng dạy cao, hệ thống cơ sở vật chất hiện đại và các chương trình đào tạo tiên tiến, đáp ứng nhu cầu nhân lực chất lượng cao cho nền kinh tế và công nghiệp của đất nước.','https://encrypted-tbn0.gstatic.com/images?q=tbn:ANd9GcSNjsmIZ2NbOFioOhu0Ig2yL6MxR7RXtUIGHDDG6AOIjM-ZXBwIidp3NNhWnj84Ol0k_JY&usqp=CAU','2025-04-01 09:04:02','https://fit.hcmute.edu.vn/',3,'Số 1, Võ Văn Ngân, phường Linh Chiểu, thành phố Thủ Đức, TP.HCM'),(2,'TechNova Solutions','2025-03-23 16:27:25','SỨ MẠNG\n\n- Trường Đại học Công nghệ Thông tin là một trung tâm đào tạo đại học, sau đại học cung cấp nguồn nhân lực chất lượng cao, nhằm đáp ứng nhu cầu của thị trường lao động và phục vụ cộng đồng.\n\n- Trường Đại học Công nghệ Thông tin là một trung tâm hàng đầu về nghiên cứu khoa học và chuyển giao công nghệ về công nghệ thông tin – truyền thông và các lĩnh vực liên quan.\n\nTẦM NHÌN\n\nTrường Đại học Công nghệ Thông tin trở thành trường đại học uy tín về công nghệ thông tin – truyền thông và các lĩnh vực liên quan trong khu vực Châu Á.','https://encrypted-tbn0.gstatic.com/images?q=tbn:ANd9GcQxVdWBNuFW1KSGFtKhRMmH0TubATVQ0UOW_PiNZlKaKMagyuCFzN09b9msjbRIM4cbnJE&usqp=CAU','2025-04-01 09:05:33','https://www.uit.edu.vn/',3,'Khu phố 6, P.Linh Trung, Tp.Thủ Đức, Tp.Hồ Chí Minh.'),(4,'CyberTech Innovators',NULL,'Trường Đại học chuyên đào tạo các ngành về kỹ thuật, giao thông, và vận tải tại Việt Nam.','https://inkythuatso.com/uploads/thumbnails/800/2021/12/logo-dai-hoc-giao-thong-van-tai-inkythuatso-01-23-16-23-19.jpg','2025-03-30 21:11:12','https://ut.edu.vn',3,'Số 2, Võ Oanh, Phường 25, Quận Bình Thạnh, TP.HCM'),(6,'TechNova Solutions','2025-04-19 19:15:44','TechNova Solutions is a global leader in software innovation, delivering cutting-edge cloud computing and enterprise applications to businesses worldwide. Our mission is to empower organizations with scalable and secure digital tools that drive transformation.','https://scontent.fsgn2-4.fna.fbcdn.net/v/t39.30808-1/261508997_3010573009216559_2402257009515793035_n.jpg?stp=dst-jpg_s200x200_tt6&_nc_cat=101&ccb=1-7&_nc_sid=2d3e12&_nc_eui2=AeFL9oQcvsoGPTANIZWEfBcfBPQAXx6MFPwE9ABfHowU_EHX6qv1cY9SOIlXIlJXBOIFMwxGpffhJplNpWcB2JcZ&_nc_ohc=oUB9VXIlhpkQ7kNvwHanQ2Z&_nc_oc=AdnXcPw5PmYkzmggQcv6NwwBo2-0FB4gDopThr5a_Go3S3YI7dA4GhmshfsyY6lPn-jyLJkS6QMi4yLEHpNNeZHj&_nc_zt=24&_nc_ht=scontent.fsgn2-4.fna&_nc_gid=skxsuq7kjOVF8NKDwQ3xEw&oh=00_AfEs2f7gODXyqdgvSVMiJl-leQL0nchptJGeGdBzzR1NLQ&oe=68095C7C','2025-04-19 19:15:44','http://technova.com',3,'221B Baker Street, London, UK'),(7,'GreenField Analytics','2025-04-19 19:15:44','GreenField Analytics specializes in environmental data science, offering machine learning and AI-based solutions to track and analyze climate trends across the globe.','https://cdn.haitrieu.com/wp-content/uploads/2021/09/Logo-DH-Kinh-Te-TpHCM-UEH.png','2025-04-19 19:15:44','http://greenfield.ai',3,'1600 Amphitheatre Parkway, Mountain View, CA, USA'),(8,'Skyline Robotics','2025-04-19 19:15:44','Skyline Robotics is at the forefront of robotic automation for skyscraper maintenance, combining AI, safety, and engineering excellence in one package.','https://cdn.haitrieu.com/wp-content/uploads/2021/09/Logo-DH-Bach-Khoa-HCMUT.png','2025-04-19 19:15:44','http://skylinerobotics.com',3,'5th Avenue, Manhattan, New York, NY, USA'),(9,'QuantumEdge Labs','2025-04-19 19:15:44','QuantumEdge Labs explores the edge of computation with quantum technologies, building next-generation processors and algorithms for real-time problem solving.','https://copyshop.vn/wp-content/uploads/2022/12/logo-truong-dai-hoc-cong-nghiep-tphcm.png','2025-04-19 19:15:44','http://quantumedge.io',3,'Schönhauser Allee 10, Berlin, Germany'),(10,'Aether BioTech','2025-04-19 19:15:44','Aether BioTech develops sustainable bioengineering products for healthcare and agriculture using advanced CRISPR and genetic modeling techniques.','https://encrypted-tbn0.gstatic.com/images?q=tbn:ANd9GcTrOg5bhNAdrYbUd2NXTYkf4ZadqZnWsVajHA&s','2025-04-19 19:15:44','http://aetherbio.com',3,'Rue de Rivoli, Paris, France'),(11,'Oceanic Systems','2025-04-19 19:15:44','Oceanic Systems builds smart underwater sensors and communication platforms used in maritime security, marine research, and offshore energy.','https://encrypted-tbn0.gstatic.com/images?q=tbn:ANd9GcQzLayitYZss5hVtvN5M2S_k5kgeuxbKvn6-Q&s','2025-04-19 19:15:44','http://oceanicsystems.co',3,'Circular Quay, Sydney, Australia'),(12,'Nordic FinTech Group','2025-04-19 19:15:44','Nordic FinTech Group creates secure and user-friendly digital banking platforms, offering solutions in blockchain, digital wallets, and real-time transactions.','https://hcmussh.edu.vn/img/dmDonVi/58315819.gif?t=58315820','2025-04-19 19:15:44','http://nordicfintech.com',3,'Vasagatan 7, Stockholm, Sweden'),(13,'Artemis Space Corp','2025-04-19 19:15:44','Artemis Space Corp is a private aerospace company building launch vehicles and satellite systems to support low Earth orbit missions and beyond.','https://encrypted-tbn0.gstatic.com/images?q=tbn:ANd9GcRLWuzgOk9pRRisWTuKRiaTvpYyLQ9yxZvVNA&s','2025-04-19 19:15:44','http://artemisspace.com',3,'400 E Street SW, Washington, DC, USA'),(14,'Helios Energy Systems','2025-04-19 19:15:44','Helios Energy Systems provides renewable energy solutions, including solar panels and smart-grid infrastructure, to promote sustainable living globally.','https://inkythuatso.com/uploads/images/2021/12/logo-dai-hoc-luat-tphcm-inkythuatso-01-21-10-13-41.jpg','2025-04-19 19:15:44','http://heliosenergy.eu',3,'Piazza San Marco, Venice, Italy');
/*!40000 ALTER TABLE `companies` ENABLE KEYS */;
UNLOCK TABLES;

--
-- Table structure for table `job_skills`
--

DROP TABLE IF EXISTS `job_skills`;
/*!40101 SET @saved_cs_client     = @@character_set_client */;
/*!50503 SET character_set_client = utf8mb4 */;
CREATE TABLE `job_skills` (
  `job_id` int NOT NULL,
  `skill_id` int NOT NULL,
  PRIMARY KEY (`job_id`,`skill_id`),
  KEY `FKe10ho7um0atjm67b9dgokmfyx` (`skill_id`),
  CONSTRAINT `FK1gb74tysr9vkypwivvvovxq1f` FOREIGN KEY (`job_id`) REFERENCES `jobs` (`job_id`),
  CONSTRAINT `FKe10ho7um0atjm67b9dgokmfyx` FOREIGN KEY (`skill_id`) REFERENCES `skills` (`skill_id`)
) ENGINE=InnoDB DEFAULT CHARSET=utf8mb4 COLLATE=utf8mb4_0900_ai_ci;
/*!40101 SET character_set_client = @saved_cs_client */;

--
-- Dumping data for table `job_skills`
--

LOCK TABLES `job_skills` WRITE;
/*!40000 ALTER TABLE `job_skills` DISABLE KEYS */;
INSERT INTO `job_skills` VALUES (4,1),(11,2),(5,3),(11,3),(4,6),(5,12);
/*!40000 ALTER TABLE `job_skills` ENABLE KEYS */;
UNLOCK TABLES;

--
-- Table structure for table `jobs`
--

DROP TABLE IF EXISTS `jobs`;
/*!40101 SET @saved_cs_client     = @@character_set_client */;
/*!50503 SET character_set_client = utf8mb4 */;
CREATE TABLE `jobs` (
  `job_id` int NOT NULL AUTO_INCREMENT,
  `description` longtext,
  `experience_required` varchar(255) DEFAULT NULL,
  `expiration_date` timestamp NULL DEFAULT NULL,
  `job_type` enum('CONTRACT','FULL_TIME','INTERNSHIP','PART_TIME') DEFAULT NULL,
  `location` varchar(255) DEFAULT NULL,
  `posting_date` timestamp NULL DEFAULT NULL,
  `requirements` text,
  `salary` varchar(255) DEFAULT NULL,
  `title` varchar(255) NOT NULL,
  `company_id` int NOT NULL,
  PRIMARY KEY (`job_id`),
  KEY `FKrtmqcrktb6s7xq8djbs2a2war` (`company_id`),
  CONSTRAINT `FKrtmqcrktb6s7xq8djbs2a2war` FOREIGN KEY (`company_id`) REFERENCES `companies` (`company_id`)
) ENGINE=InnoDB AUTO_INCREMENT=18 DEFAULT CHARSET=utf8mb4 COLLATE=utf8mb4_0900_ai_ci;
/*!40101 SET character_set_client = @saved_cs_client */;

--
-- Dumping data for table `jobs`
--

LOCK TABLES `jobs` WRITE;
/*!40000 ALTER TABLE `jobs` DISABLE KEYS */;
INSERT INTO `jobs` VALUES (4,'We are seeking an experienced Senior Android Developer who is passionate about building high-quality mobile applications on the Android platform. As a Senior Android Developer, you will be responsible for designing, developing, and maintaining Android applications while collaborating closely with design, product, and other development teams to build and improve app features.Develop Android Applications: Design and build new Android applications, from UI to complex features.Optimize Performance: Improve the performance of Android applications, ensuring they run smoothly across a wide range of devices and Android versions.Integrate APIs and Services: Work with third-party APIs, web services, and backend integrations.Testing: Create and maintain automated tests to ensure app quality, detect bugs, and optimize code.Version Management: Ensure proper version control during development and release of app updates.Improve Development Process: Contribute to the software development processes within the team by providing creative ideas and improving workflows.We are seeking an experienced Senior Android Developer who is passionate about building high-quality mobile applications on the Android platform. As a Senior Android Developer, you will be responsible for designing, developing, and maintaining Android applications while collaborating closely with design, product, and other development teams to build and improve app features','Above 3 years','2025-04-28 16:59:59','FULL_TIME','Ho Chi Minh City, Viet Nam','2025-03-27 17:00:00','At least 3 years of experience in Android development. Familiar with MVVM, Retrofit, and Jetpack','30000$','Senior Android Developer',2),(5,'Phát triển và bảo trì hệ thống backend sử dụng Spring Boot','Non-requirement','2025-05-30 16:59:59','FULL_TIME','Ha Noi, Viet Nam','2025-03-29 17:00:00','Có kinh nghiệm với Java, Spring Boot và MySQL','10000$','Backend Developer',1),(7,'Join TechNova as a Software Engineer to develop scalable systems and innovative solutions for our global clients.','3 years','2025-06-18 12:26:18','FULL_TIME','221B Baker Street, London, UK','2025-04-19 12:26:18','At least 3 years of experience in Java development, Familiar with Spring Boot, REST APIs, Docker','$75,000 - $95,000','Software Engineer - TechNova',1),(8,'Work with GreenField Analytics to build responsive and modern UIs for climate data apps.','2 years','2025-06-18 12:26:18','FULL_TIME','1600 Amphitheatre Parkway, Mountain View, CA, USA','2025-04-19 12:26:18','2+ years of experience in ReactJS, Strong understanding of TypeScript, Experience with Figma and design systems','$65,000 - $85,000','Frontend Developer - GreenField',2),(9,'Analyze telemetry data from robotic systems and support machine learning development.','2 years','2025-06-18 12:26:18','PART_TIME','5th Avenue, Manhattan, NY, USA','2025-04-19 12:26:18','Experience with Python and Pandas, Strong SQL skills, Familiarity with machine learning basics','$70,000 - $90,000','Data Analyst - Skyline Robotics',4),(10,'Work on quantum machine learning algorithms and simulation tools.','3 years','2025-06-18 12:26:18','FULL_TIME','Schönhauser Allee 10, Berlin, Germany','2025-04-19 12:26:18','Python expertise, Knowledge of Qiskit or other quantum SDKs, Understanding of optimization algorithms','$95,000 - $120,000','AI Engineer - QuantumEdge',6),(11,'Conduct bio-genetic research for sustainable crop development using advanced tools. abc','2 years','2025-06-18 12:26:18','CONTRACT','Rue de Rivoli, Paris, France','2025-04-19 12:26:18','Masters in BioTech, Familiarity with CRISPR, Data analysis with Python or R','$80,000 - $100,000','Bio Researcher - Aether BioTech',7),(12,'Develop smart underwater sensors and embedded devices for maritime use.','3 years','2025-06-18 12:26:18','FULL_TIME','Circular Quay, Sydney, Australia','2025-04-19 12:26:18','Experience with C/C++, Understanding of IoT protocols, Prior work with marine environments','$85,000 - $110,000','Embedded Engineer - Oceanic Systems',8),(13,'Design and deploy secure smart contracts for modern digital banking apps.','2 years','2025-06-18 12:26:18','FULL_TIME','Vasagatan 7, Stockholm, Sweden','2025-04-19 12:26:18','Solid understanding of Solidity, Blockchain fundamentals, Experience with web3 and DeFi protocols','$90,000 - $115,000','Blockchain Developer - Nordic FinTech',9),(14,'Work on control systems for satellites and launch vehicles.','3 years','2025-06-18 12:26:18','FULL_TIME','400 E Street SW, Washington, DC, USA','2025-04-19 12:26:18','Experience with aerospace telemetry, Knowledge of control systems, Familiar with MATLAB/Simulink','$105,000 - $135,000','Aerospace Engineer - Artemis Space',10),(15,'Analyze energy usage and design optimization strategies for solar panel systems.','2 years','2025-06-18 12:26:18','PART_TIME','Piazza San Marco, Venice, Italy','2025-04-19 12:26:18','Experience with power system modeling, Familiar with energy analytics tools, Strong Excel skills','$70,000 - $90,000','Energy Analyst - Helios Energy',11),(17,'NovaMed AI is transforming diagnostics through artificial intelligence, offering image recognition systems that detect diseases earlier and more accurately.','3 years','2025-05-03 16:59:59','FULL_TIME','Bay Street, Toronto, Canada','2025-04-30 17:00:00','Build and evaluate deep learning models for medical imaging diagnostics.','10000$','NovaMed AI',1);
/*!40000 ALTER TABLE `jobs` ENABLE KEYS */;
UNLOCK TABLES;

--
-- Table structure for table `notifications`
--

DROP TABLE IF EXISTS `notifications`;
/*!40101 SET @saved_cs_client     = @@character_set_client */;
/*!50503 SET character_set_client = utf8mb4 */;
CREATE TABLE `notifications` (
  `id` bigint NOT NULL AUTO_INCREMENT,
  `content` varchar(255) DEFAULT NULL,
  `created_at` datetime(6) DEFAULT NULL,
  `is_read` bit(1) NOT NULL,
  `application_application_id` int DEFAULT NULL,
  `receiver_id` int DEFAULT NULL,
  `sender_id` int DEFAULT NULL,
  PRIMARY KEY (`id`),
  KEY `FKpwvgmt9y9g4lua8yi1rcxyy7d` (`application_application_id`),
  KEY `FK9kxl0whvhifo6gw4tjq36v53k` (`receiver_id`),
  KEY `FK13vcnq3ukas06ho1yrbc5lrb5` (`sender_id`),
  CONSTRAINT `FK13vcnq3ukas06ho1yrbc5lrb5` FOREIGN KEY (`sender_id`) REFERENCES `users` (`user_id`),
  CONSTRAINT `FK9kxl0whvhifo6gw4tjq36v53k` FOREIGN KEY (`receiver_id`) REFERENCES `users` (`user_id`),
  CONSTRAINT `FKpwvgmt9y9g4lua8yi1rcxyy7d` FOREIGN KEY (`application_application_id`) REFERENCES `applications` (`application_id`)
) ENGINE=InnoDB AUTO_INCREMENT=18 DEFAULT CHARSET=utf8mb4 COLLATE=utf8mb4_0900_ai_ci;
/*!40101 SET character_set_client = @saved_cs_client */;

--
-- Dumping data for table `notifications`
--

LOCK TABLES `notifications` WRITE;
/*!40000 ALTER TABLE `notifications` DISABLE KEYS */;
/*!40000 ALTER TABLE `notifications` ENABLE KEYS */;
UNLOCK TABLES;

--
-- Table structure for table `resumes`
--

DROP TABLE IF EXISTS `resumes`;
/*!40101 SET @saved_cs_client     = @@character_set_client */;
/*!50503 SET character_set_client = utf8mb4 */;
CREATE TABLE `resumes` (
  `resume_id` int NOT NULL AUTO_INCREMENT,
  `created_at` datetime(6) DEFAULT NULL,
  `resume_url` varchar(255) DEFAULT NULL,
  `updated_at` datetime(6) DEFAULT NULL,
  `application_id` int NOT NULL,
  PRIMARY KEY (`resume_id`),
  UNIQUE KEY `UKj5rbe5d452gcpum3uuoj11eul` (`application_id`),
  CONSTRAINT `FK9wgn8933jnxmc4x9cgso6rgpi` FOREIGN KEY (`application_id`) REFERENCES `applications` (`application_id`)
) ENGINE=InnoDB AUTO_INCREMENT=25 DEFAULT CHARSET=utf8mb4 COLLATE=utf8mb4_0900_ai_ci;
/*!40101 SET character_set_client = @saved_cs_client */;

--
-- Dumping data for table `resumes`
--

LOCK TABLES `resumes` WRITE;
/*!40000 ALTER TABLE `resumes` DISABLE KEYS */;
/*!40000 ALTER TABLE `resumes` ENABLE KEYS */;
UNLOCK TABLES;

--
-- Table structure for table `skills`
--

DROP TABLE IF EXISTS `skills`;
/*!40101 SET @saved_cs_client     = @@character_set_client */;
/*!50503 SET character_set_client = utf8mb4 */;
CREATE TABLE `skills` (
  `skill_id` int NOT NULL AUTO_INCREMENT,
  `skill_name` varchar(255) NOT NULL,
  PRIMARY KEY (`skill_id`),
  UNIQUE KEY `UKqdkr64bxreqdbn6b4k9vumvp3` (`skill_name`)
) ENGINE=InnoDB AUTO_INCREMENT=14 DEFAULT CHARSET=utf8mb4 COLLATE=utf8mb4_0900_ai_ci;
/*!40101 SET character_set_client = @saved_cs_client */;

--
-- Dumping data for table `skills`
--

LOCK TABLES `skills` WRITE;
/*!40000 ALTER TABLE `skills` DISABLE KEYS */;
INSERT INTO `skills` VALUES (4,''),(11,'Android Development'),(10,'AWS'),(2,'C#'),(13,'Fix bug'),(3,'Java'),(5,'Javascript'),(6,'Jetpack Compose'),(8,'MVVM'),(1,'MVVM Architecture'),(12,'Mysql'),(9,'Retrofit'),(7,'Sqlite');
/*!40000 ALTER TABLE `skills` ENABLE KEYS */;
UNLOCK TABLES;

--
-- Table structure for table `user_skills`
--

DROP TABLE IF EXISTS `user_skills`;
/*!40101 SET @saved_cs_client     = @@character_set_client */;
/*!50503 SET character_set_client = utf8mb4 */;
CREATE TABLE `user_skills` (
  `user_id` int NOT NULL,
  `skill_id` int NOT NULL,
  PRIMARY KEY (`user_id`,`skill_id`),
  KEY `FKh223y61gwijpgqt6nlsuti07g` (`skill_id`),
  CONSTRAINT `FKh223y61gwijpgqt6nlsuti07g` FOREIGN KEY (`skill_id`) REFERENCES `skills` (`skill_id`),
  CONSTRAINT `FKro13if9r7fwkr5115715127ai` FOREIGN KEY (`user_id`) REFERENCES `users` (`user_id`)
) ENGINE=InnoDB DEFAULT CHARSET=utf8mb4 COLLATE=utf8mb4_0900_ai_ci;
/*!40101 SET character_set_client = @saved_cs_client */;

--
-- Dumping data for table `user_skills`
--

LOCK TABLES `user_skills` WRITE;
/*!40000 ALTER TABLE `user_skills` DISABLE KEYS */;
/*!40000 ALTER TABLE `user_skills` ENABLE KEYS */;
UNLOCK TABLES;

--
-- Table structure for table `users`
--

DROP TABLE IF EXISTS `users`;
/*!40101 SET @saved_cs_client     = @@character_set_client */;
/*!50503 SET character_set_client = utf8mb4 */;
CREATE TABLE `users` (
  `user_id` int NOT NULL AUTO_INCREMENT,
  `address` varchar(255) DEFAULT NULL,
  `created_at` timestamp NOT NULL,
  `date_of_birth` timestamp NULL DEFAULT NULL,
  `email` varchar(255) NOT NULL,
  `fullname` varchar(255) DEFAULT NULL,
  `password` varchar(255) NOT NULL,
  `phone` varchar(255) DEFAULT NULL,
  `role` enum('ADMIN','EMPLOYER','JOB_SEEKER','UNDEFINED') NOT NULL,
  `updated_at` timestamp NULL DEFAULT NULL,
  `image_url` longtext,
  PRIMARY KEY (`user_id`),
  UNIQUE KEY `UK6dotkott2kjsp8vw4d0m25fb7` (`email`)
) ENGINE=InnoDB AUTO_INCREMENT=26 DEFAULT CHARSET=utf8mb4 COLLATE=utf8mb4_0900_ai_ci;
/*!40101 SET character_set_client = @saved_cs_client */;

--
-- Dumping data for table `users`
--

LOCK TABLES `users` WRITE;
/*!40000 ALTER TABLE `users` DISABLE KEYS */;
INSERT INTO `users` VALUES (3,'địa chỉ nhà của Đức','2025-03-21 17:59:05','2004-04-27 17:00:00','thuongdo0918@gmail.com','Đỗ Văn Thường','$2a$10$RA1QH2NNLHuV45QroNDGMuckmJndz0Pk3AweD/OSVjDNmA/E4fYMy','0365946542','EMPLOYER','2025-05-13 02:12:53','/9j/4AAQSkZJRgABAQAAAQABAAD/4gHYSUNDX1BST0ZJTEUAAQEAAAHIAAAAAAQwAABtbnRyUkdC\nIFhZWiAH4AABAAEAAAAAAABhY3NwAAAAAAAAAAAAAAAAAAAAAAAAAAAAAAAAAAAAAQAA9tYAAQAA\nAADTLQAAAAAAAAAAAAAAAAAAAAAAAAAAAAAAAAAAAAAAAAAAAAAAAAAAAAAAAAAAAAAAAAAAAAlk\nZXNjAAAA8AAAACRyWFlaAAABFAAAABRnWFlaAAABKAAAABRiWFlaAAABPAAAABR3dHB0AAABUAAA\nABRyVFJDAAABZAAAAChnVFJDAAABZAAAAChiVFJDAAABZAAAAChjcHJ0AAABjAAAADxtbHVjAAAA\nAAAAAAEAAAAMZW5VUwAAAAgAAAAcAHMAUgBHAEJYWVogAAAAAAAAb6IAADj1AAADkFhZWiAAAAAA\nAABimQAAt4UAABjaWFlaIAAAAAAAACSgAAAPhAAAts9YWVogAAAAAAAA9tYAAQAAAADTLXBhcmEA\nAAAAAAQAAAACZmYAAPKnAAANWQAAE9AAAApbAAAAAAAAAABtbHVjAAAAAAAAAAEAAAAMZW5VUwAA\nACAAAAAcAEcAbwBvAGcAbABlACAASQBuAGMALgAgADIAMAAxADb/2wBDAAYEBQYFBAYGBQYHBwYI\nChAKCgkJChQODwwQFxQYGBcUFhYaHSUfGhsjHBYWICwgIyYnKSopGR8tMC0oMCUoKSj/2wBDAQcH\nBwoIChMKChMoGhYaKCgoKCgoKCgoKCgoKCgoKCgoKCgoKCgoKCgoKCgoKCgoKCgoKCgoKCgoKCgo\nKCgoKCj/wAARCAIAAOwDASIAAhEBAxEB/8QAHAAAAgMBAQEBAAAAAAAAAAAAAwQCBQYBBwAI/8QA\nPxAAAgEDAwIEBAMHAwIGAwEAAQIDAAQREiExBUEGE1FhInGBkRQyoQcjQlKxwfBi0eEVMyRDcoKy\n8RYlkqL/xAAbAQACAwEBAQAAAAAAAAAAAAACAwEEBQAGB//EADIRAAEEAQMCBAMIAwEBAAAAAAEA\nAgMRIQQSMUFREyJh8AVxkRQjMoGhscHRQuHxFTP/2gAMAwEAAhEDEQA/APPsY5qQXIx3r6poDmvp\nS8oglCORg11YydxvTnlrpJOfaoKuXIzsBk/KhJRAoYjIGAO9TkUq2kgHG2adhjTST/Tk180QY6uG\nzvQB1lSVWlMDVwKg94YCpBOR6U9NJboWikyMj8xG1UV/pE5CEEAYyO9Q51cI427jlTvr6S6IL422\nFJNk4+1dr7FIJJ5VkANwFBV3+IZFcx2xRMV3Ga5Go+XgKTg5GRvn239K+A29qlj1rumuGFCGRjBo\nxYGPBx7VDFcxRBxCEi1DOCDtkb7jNDK0YrUStLRoWKg4o2K4VBokJtJkVEim2jFQ8ok1yE4S+k18\nE9qb8kooYg4OwOP89a+xiusBTRSpjPI3FfKpzxTYGrbNSih1ShWVj2wvNMaLQk1ygorcc7VMxnB0\n7imJFEbtGy6cHDA+1AY849aY6gMrmm0AjHNcqbDNfaarcp1rUxlHYAsBvTos5VI0AvngLnesssrK\n4ZSQR3rQ2fiLyrfyzCBJpA8wHg9iP89/arDpD0VIwkcJGW+cSEAAYO4xURdahz8XvSVxI0s8kjZ1\nSMXORjneogmg3lN8Nqs7K/eOddRzHncVoJNEpLRMpQ8Y9DvWNB3qx6beyRSjLnT6E5FDebUPZfCL\n1tSrxncDGKp8bmtBfq1+PgIZhvpHNUssZjYKwwe4OxFQ4ZRxmhSEck7/ACroJClcnTnJHuM/7n71\n2vtzgb+g3qEdrgG+/FELAwqgjXUpLF99RBwMHfGBj0zuc52xHFdAqF1r4xuCwZSCv5h3HzqOKLE2\nl1JGQCCR670ZbdZVV4HUnkwk4ccffntnYEkCuJpQXd0pivipDYIweMUQrtXMZO9cuQyKjiikVzFS\nptCIrmnNExX2K5daCVNfDKnajBckAnHvUSvIrlPzQWyTk1ErRioqJWhUoYyKsLe5j0gyKBIvG1Ik\nV9ipa4tQPYHcpudoJrVSkchutba2J2K7Y29ec0iwIJBG9TGQdjiuNknPJonO3Lmt2IJyRt9q5h+3\nFHCNqIIORztxRfww96YyFzhYUFfAY3zUq6Ac87V0CopRadspBNot54jNGf3aad5UJORoHLDOfh43\nP5S2qkcb+tSA3xz8q6QcA+tDVFSo4rq7cEivsVNQugghteRgg7Y3yMY+Xfsec7cuVh02+/Ckvy2N\nlPBpS8ma5upJX5Y5x6e1Bro+lccqA0A2vghYMRjYZ3OK5ipCphiI2T4dLEE/CCds9+Rzx8vQUKND\nxXcVMoAoOd8nIrhGPlXIVHFcKg8gVKvq5SnV6j5iuOoIs+pSBNp/eg7n8wYaiTtltWBwDjFTM3Qp\nZyNXU7SJRtlUuGY59Mpjb581WsuRilXXSTkUBZ2whLcUDS0Fr0db218+y6hYP8RXyJZ1hlA9SHIB\n+hNBu+i9Ts7cz3XTbyCDb97JAyrvxuRjeqDOKf6f1nqHT4ZIrS7ljhk/PHqJRvYrwfqKjzDgoaeO\nDa4VrhGKi/UZJZGeWOBiQ2yxiMAk5yAmPp2o0d/b/gDA1mnns2TcM7EqPRVBA+eQfpRWU0Z5Q+Kj\njvUxuAfXeu6TjO2KJEhkV1EDHBcKe2rg1LHcg/Sokb1yhQIqGmikVzGeKilKiygDGPi9c18kRJ32\n2zvU9B1EKQwzjI709FbFFDynDEZVcjP19BT4YDIewXINtAWIRBkk0d7mCBtDgyMOWzX13cCJCkLg\nuww7Lxj0H6VW1bfqGweVq7ARcV9pqZGKLgymR5JPj/Nlskuc/wBd87+lViEi0AA0RI9Sk5AxU1j2\n966VwajautBK4rrOzhA7MwQaVBOdIyTgem5J+tTO/vUQN8ChLVNri7ZyM7Yr4DNdxXdNDSm0W3gE\n7FA6o5/KHOAfbPA+u1RlikgleKZHjlQlWR1KspHIIPBqUS5bUY3eNMM+nbAyBzg45Az71YdRvXm6\nJYOT5l1BLJC8jqGxFpTy1JPpiTHoONhS3WCoJIIVaHIiMeF0lg2dIzkZ78gbnbvt6CoivsHG/NfV\nNIlIuDEq+WoYEkuM5bONjvjAx6dznO2Ikjc4GPTmvq6NzXUptN3dxDLdyusAdGZhq0iLIzsVRdkO\nBx8Q34qvlM0uRJMdJOSoGF+w2otfYJUnBwO9QG0pShthjZjQzanOzD7U7geld29Klckfwp7sKl+G\nH8x+lN4HpXCN65chIgRQF4qddIxUcVyi10klcEnA7VxRlgCVAO2ojj+9dqOK6lNrqqpDaiwOPhwu\ncnI5322z+nzrioSQBUlUkgDk1cCBOmRiSdVa4YfChIOn3PuPT7+lPhi3mzwpGUCGFLS38ycZdvyo\nR7bE/wC1KS3DMzZbBY7tvsKlJcG5uAbuaXy2fLsPjIB5IBIBP1GfWlDk+tWJJ68kYwoJtQbk1Gik\nAnYcjG+9SltmyPJYyDA1FRkA9xVPYSusI2K6NhU8VKOMu4VdIJ7swUfc7VZIVa0Mbbivjlid+1SA\nGOc+4olxEYZpInILxsVOk5BwcbGhRBAbGBgY23965UsV2hpSocmuEURGCq4KKxYYBOcqcg5GDztj\nfOxPfBEDUUitfUY3Mg6bNZrp8qWVJW231IHA/wDmaDivqEttSoo2Vx3FSxUWGCCMA980a2SW5ylu\njyMckog1HYZJwN9h3oSK5XWh18Ns/eu78V8ftUUpXKlhtGrDBScZ7E+lRxRHKaU0KwYL8ZLZBOTu\nNthjAxvuCc74HUuQ8VzFTOkAaST65GMVzOMY7b5rqXIlsW85VjEJZx5f74LpGrbOW2Xn822Ocigk\nV018TXbeqJQ01wiiZ2rmM81NIVDHpREVSpUoxckYIO2N87d+1EkjjEULxu7FlPmBlACsCdhucjGD\nkgbkjG2SMMUOpTg+vpRNZeSuVgDbdPiyjNJe4B4+GJs/qQPlg+vNKCRg/nzx+crBgPM1YJxjOQRu\nMg/bO21L8nbmirGF3kOPYc04Nc4bRwptFtLJJ43ke5iiVF1EMGydwMDAxnGTuRx64FCllWOVTCsY\nCnIBUNn3IOQflUZZSy6Rsg4A7UCocQBtauJUTX1EijMsqRpp1MQAWYKB8ydgPc1EBN9RZTnjFKLg\nFKs9ODkVzywe9NzxxIQEfzNsk4wKCat0qQKAqGM5UYzU5LmVo1STTIqcaxkjbAGr82BgYGce1Sbf\ntvUGG2KEsCMOUY0SaNzEQunLaXOGPsDwcDfsedqFiutCnpn1PepxkJIjMiyBSCUbOG9jgg4+RFCG\nkIrQsVHFEIoavlypVgexI2NQQpX3fjNSCExlxpwpCncZ3z257c/L1FfYr6hpTahUHQHddm9aKcaS\nd89hUEYsDqUr8yKgjopRF6ndxrH5k7ytF8KRzoJUVd+A2R9MUSTrMsskc1xaWj+WQNKQLEjc7HQF\nO/z9aXdAwwwoDW5/gYY9xSTFXC7aw8hXMfiK0WJ4j4e6ZocgsQ02sY/lYyEj/M5o0/U/C7LF5fTO\nrK2keYVvEA1d8Axt/as4beTtp+9SS07u5+QpfguPF/VQImDgn6q5nfo89q0tkb2CcHAt5Ss2ePiL\ngIAPoTt2pMAEFmYZB/Ljc/LtQ40WMYQYFS3p7GECiUQx1UlR3ZQisxZsKAM5Pp78ivtS+To8tdWr\nOvJzj09KiCaM2uZzLIR8bbtjAz/vRV0UoIBJAAJJ2GKObfyokllaPEikqA2TyecfI/pXF/dPJ5WJ\nNI/PjbkbgH+/rxUMBmLTSbkkHSNR/wBv1oqAXWot8eohfhA+I/p9BwK4IncMyqzKoySBnHzqbAKq\nsI8ZwQX3zzuB6ZB9agcnGSdhge1SotdUMsZdVIUEAtjgnOP6H7UNidR3qRWuaakkkUV1oZqS+UgD\nzsdO/wAKEam2227DO2fnzjFdK7bVHTntQEYwutRiLPMzKpSPJKq3xEDtk43x8u1Scs7s7fEzHJLc\nk18ELED3r7SaEClNq6YelQK16Rffs1lj6JP1Dp3VYL3yELyRCJlbAG+NyT9hXnzxkcinwamPUAmM\n3SqFpbyliKgRTDJj3rkkkjxojuzJGCEUnIUE5OPTfenELgUqRXCmMbg5/SjsONsbfehkVFIw5BIr\nmKMRUSM0JCK0IiuVPFRIoSFNqJqNTxXCKilK+qNdwaJHBLIAY4ncE6QVUnf0qCFwQsV3vVovRpo5\nvKvWW1l3Bik/ODjbUP4RnSMsRjOeKZlfp3T3UWqiZ9XxM4EhA7jcaAdtiNfPal7s0MoqrlJW3TJJ\nkE8reRY69JuJBjbO+kcsR6DP96TdYw37tmYerAL2Hbfvmj3t7Ndy65ZHdgoXU7ljgADk/Ljj2pU7\n0xray5daMDHENQXzScgE7Acb4/32PpUJ5pJ5NcrZPYcBRnOAOAN+BUdJroXPvXUotfRxa0Yh1DDh\nScEjBJPp245ORjNdngaKUxvoLDGdDhhuM8g4qQQ0RY8iupCXJcKa6EpxYSe1ESEqcgD6jNTtQl6Q\nEdfeX61YCCjWnTLq+kZLK2nuHRdTLDGXIHGSB23G/vUOIb+JcHWqgr86+ERYjSCTycdq06+EusGO\nVns3gaNdQhnIjlk3A+FD8R5znGNvXajJ4Sm/D2cj3QjeYuJVNvKfJUAYzhcknJ4GNufRHjx9Dfyz\n+yF8zI/xED5rHFa+xWou/CtwjRrbFphqIklMUiou+x3UEDFVlx0aWOd0iurGZFOBIl3Gob3w5B+4\now9pQt1MT/wuC9hsL68t5ZDFNJGzH94uSNR9x3o3iXwxZ+JL23vLS4it52RfxMWggnGSzgn8xAxt\n6DmoJK8siMxBdeGO5PpWqsJprlI5zPIkiLgsTknc7j23wf8AmsbUOdC4SR4Pv0UadwdjovG/HHhZ\n/DV5CBOk9rcqXhcfmwNiG+R79+duBlitb39pfW/+q9SNubM27WsjoCw0tjOOPfANYZhvtg49a3dE\nZHQtMn4lL63HagMoA75z9Mf5ioEUfSK6WIhaIKmlmDZKjUMAjY8gbnI77egqwV1pUioUdhUCKhTa\nEQDUCDRiK4aghECg4qSpnkgDvXSKjjtXChyiBTts9nauHkiS8ZSRocsIz6HYgn9OO9HuOv30ilI3\nS2jYMrLaxrDrBxkMVALDAA39Kqsb1ZQ9HuDFHLdAWsMgyjTfCX5xpHJGxGfy55IoHmO7IH7/AERg\nlVxdjnfGewokNrNMrMiYjX8zsQqjYncnbOx278VaSTWFpGotITNMNxM7kEcdhwRjgcHPxMDgIXd1\nPdlPOcFU/KiqFVfko2H96i3O6V81FhLSxBJGVZFcKcalzg79sjP3xXAuaKE3zRUjyamkJcgKlFWO\nmUhpiODfippAXpSOHPamUg9qcjtxV90Dw9N1UyOA8dtEpZ5RHq47LuATuOSMDckCgklbG3c80Eou\nJWdS2q/sPDLS9Kjv7u8trG2llMcfnrJl8Yyw0qRjcgb7kEVp7LpPTOn2gvVLyABj+KvFVI1II1CK\nNWJkYbjVq0AjnOMB8Q+NU6F1eSOyNp1G4NqqG8YlpYWJJZAwwqjBP5MbnckgmsyTXPlOzTj8/wDo\nTWNvlTseh2fh+/huZbS8uGCtLBNdW4jUsvGLct5jHIONRQYBO4Garr7xnB0u3il6VYmS2Mg865MI\ntIpW0gmEpFhWAGfhYud+4xWR8adYF94hJm6qbu1lEX4m4tYyC5AwxCsRkge6g4GwrJTXypBd2qK8\ntvI2qLzWZTG2R8ekNp1FQVOc7H5GgbCH0+fzH6D37pM8Iv4NBbHxL49vXeGPpt7GtuYVLRW0Jghi\nbOdKpncg/wAR57bAZyz+J+oC1SJbifWJGZj5nwsDjA0/MHf39qonY1Oyufw10szQQ3AXI8uZSVOQ\nRuARxnPzFW2uYxgaxtKPskfLm2fVaW88QXk1tBdWNtcWkCxrbXEwld1nnGSWJOwJGDpHGM0G4u7c\nTN+KFx1GQhT51rOFUDSPhwUzkd6oDfXP4IWfny/hA/m+TrOgvjGvTxqxtn0oequbI4CrQnSRg2BX\nyX6NhcIctxTdt1KS1mEkB5GGU8MO4PsaTuEaAkSLggkUN3SWOPyx+9JKso+mD9f7UhzWvGRYKy9z\n2DGFexWdp1wxSXPkTXmoqsdwgZGGBz6E55rCftI8JR+Gbq0kt5i0N4HZYmUgxYx8Oe/5ufatV0h5\nI5hMjY8vBPxYPPYcn6VY+MvDPUfFdlZXKT20aQq5jUg5ZjgHO+35RuPWq8ch02obb6Z1/haEB8Rh\nsZXh5FRIqy6r0656bfzWd3HouIjhlyD78/I0kUPpXo2+cbm5ChAYZoZU015THO3G1NR2MPl67m6W\nPKMwRVy23H5tIIPsSfagedgtykC1Uld67FBJPIscKNI7bBVGSavrd+i2TFpbeXqLgsoUyGOIjGzA\ngBsg9qlJ4q6nHCYbB4enRFVVlsYlhLae5YfET9aQZHuPkb9cf2UYA6lV/wD+PdTV9NxaNaHGR+MZ\nbfV8vMIz9Ki9lYWsmLq/FwQM6LNC2+d1LtgD5gMKTmkeVy8rs7k5LMckmh4otjz+I/T2VO4DhWcv\nVIYYzD0uxgtk3HmyASzMCpG7HYbE/lC9jjIqtuZ5rqd5rmV5pnOpndslj6kmuYqQSjawM/CP7+qg\nvtCC5qap7UVY6MkXtRUh3IKRUxHDvsKPFCTzV74d6FddavltbGPMhBJJB0r8yAcemfege9sbS5xo\nBAXEmgqaKD2rRdB8NXfWFc2rQLoIH72QKST6D+52rRWXhVemdRWC/gHUrtULtbQSgRxZBx5r9uOM\njtgtnFXPVb3p1nYpN1yeGZASIrC1GiBFBBxoGCwyDu+xyQVrLm+Il3l04snr/r/iU+QMNO57Kq6T\n0u36TK4s47brPU1JR9Sara3O+dROBqBA2PxYOQpq66vfW9tYG+8Tz/i3wdFrD+7gDDGAFbeTB1cg\nDBwVNYfqXj5o4PLsIEQ5ZVGMIkePhVQMAd9qw3VurXXUZzLdzM54AJ2AznYdvpVc6OSV2+Y5/X/S\nKISyHIpvr/S1XiPrR8W3U5N/DZWdpbNMomOkysAAEUDdm4A32AYjHFYKaTbmuO+c0tI5zVtjBGNr\neFfYzbhCnfOaFBbTXlwkFtE8sznCogyTR7mS3ivYmgy8QWMsJgN20jWMDtq1Y9sUpd3Jkupp4UES\nuzYVNlQNn4R7YyK4klMz0UrCyk6hdGGJkUhHkLOcAKilj+gNIqrSOFRSzscBQMkmjRzNFBNpOPNH\nln5ZBP8AQfevoXkswlwuUlcExNjcDjUD88gH1B4IrqXEkX+i71Czksrx7WVo2lTAbQ2oKcbrn1HB\nx3Bol10+ezWA3atB58YmjBQEshJAb2zg/wBe9OdNhgs7YX9/H5ruf/DwE7SYO7N30AjHuQR2OAX9\n3P1C7kubuYvNIcszb/8A18q4Z4SSXvNNHHPzX6F6QHnvhCiB5JhpBYZA3BJ+wP3paztvMm0O6xEg\n6WkOAT6Z7fPio2FzJbXEU0bYkRsgirzxDHH5kc8RTTKSRp2zwc47c0l5LJNo/wAv4WYBujLuyb8O\n9MZ7S78xXD6DoVRnJHIPoRtt7/KrB28+xhi6cwW6gJzFJJoEnsD6n1+9VvhTqElrLcR6iEkjLAjl\nWHBH33x8+1XHXYDHIl/EVVAV+JTgjbIz7877/pisqcu8Ytd+XZXYdpjDm/mvF/Fc89z1u6a6hEU/\n/bZGOSmkad/fbP8AxVGyFSVIIIOCCOK3f7TraH/rEd1BkPdRiRl9RgfFn/1ah/7axjIdIBA29q9T\nopA+BpbjCF4pxCU+IZwxAOxweaGVxTJWuLlGDLsRVgoLSJIJIwcjtilJ5LmN8LGjA74XJOKtSlR0\nVBCIGlXQXKSaUdZI5yT8JXbHbB9eew4pny/WjhPeu+WahoI5XE2lwlEVKYWKjpD7VKi0skWads7K\nS4lSKCN5JXOFRFLEn0AHNaLofhg3Sx3HUrmLp9kwyrzMA0g7aVJG3+o4Hv2q9frvSug+WnRo3wg0\ns2sfvG/nJwC3ttgc43qjLq87IRud+n1S5JWs5RfDngGFSs3iS8S2Qbm3jYau/wCZuBwdhn6U1c9c\nilhbp3h9U6b0tN5pYCGeXYggE8nHJPHuRtgureILjqs5t1kw0hAkZWO/AHO+cD6VG66kph8m3A/D\nQnTqUaQduP0OKqnRySHdO6z26D36qu+aRw2sFX9fzWl634iXp9kYrbTCJCXSKPcyHjzHJ3PzOScV\n551W+mv7p5pnYk9s7D2FcvLt7mVpZ2LO3f09APQAY29BVfPMADvVmOJsQoBWNPAG5OShyvjPelZZ\nMDNclmG+DSbu0jhV3ZjgCodytFoRg5kdVTJYkAAck1YdWFjceI5IbaRIunxMIvNj0/FHGoDSDJAL\nMFLY7k45NUaTvDIrxsVdTkMOQfUVKyj83zZZSyWsQzKwOM+ig/zHG3Pc8A0pwsqXCsr66dru5uJm\n8uN5CZFjVSAxLY0qAMDk/QfLIUiMswgRkAXJdyfhGOSSOQPbPtzTiyvGn4xgxvLg6LWNRnQPy6t8\nnbGlcb5GcjTvC8BgVOk2AM11IQtw0fxGR87RLjlQccfmYZ3AWh3VgKd/RCsrdb690ljHaxKXlkxn\nRGvJ3PJzsM7swA5qE9wt5ftPLFotwwHlxnGlBsEBOewxk5O2Tnem750tbaPovTc3FxK6m5lj+LzZ\nOFjTHKj/AP02+4C0nLGpnjsrco4VtLSKNnbu2f5R29hnAJNcDuNqB5jfuu6K7y388kr6mYDJ0j4U\nQDGPYAAAD5CuJcNGCIgug7/HErnj1x+lWPWHtbT/APXdLaZoV2mllj0PK/cY7KDjAO/rSOlIvgZV\ndhyc8H05pjSAFAN8Be3WswAYMoORjJztuNx7/Or83ou1hinVFiRVQaR6d/nXmtp4vnXH/VLUXuAc\nyo/lSuexZsEN89OTncmtN4b63bdctXX/AMNY38TaRbtKV89T+UoXPxPnIKj2wNzhU1Xb2169FnGB\nwB25WkthLbXGQCHXIO/Y81s7do7rw68JEcjsF+LGoggdx2x77b1lOkyFJysrNG6/DvsQc/pTtgZ4\npvMhOk5z6D7VQ1TPEPqKR6Ylp8ou1h/EljdDqhjussCSYttsE8DHA9u1Mt4M6iylY7R5HAyQhDY+\nxre3zpdQRiSNPMjkEhzuCRx/9e9GtfxEkRlttbMBglNwedj7+1N/9CRkbQ0AUm7m7q5XiN7ZPBIy\nspBU4II3FIlPavc+reG+kdTWS6vDcxXDqol5BRtssRjvkfOvMPFPh+Tod3HH5gnglQPHMqkA9iD6\nEEHb5VpaT4lHqDsOHe+FD2bchZgrXwTNMlN6kErRSSUsI6IIaYWPerXpPRp+oEsgCQIcPM+yr/uf\nage9rBbjhLdIGCycKts7KW6mWKCNnduAP6/L3q6vb7pXhSyPnW8d71B8rqfDKv8A6Rx/7j9O9NXd\n3Z2HTp7bpUUU5ZdMk8pAU7+vfcDYbDG9eZ9VVvxfnyXlvJKrbJjUBg7DBGCPbiqTy6f0b27++yTD\nJ47qyG/qf6Vj1TxhP1u/aWddLHkpgZ99hzvya+60I7SN1E6vKvlAIpzksmpt/wDSSB+tUX4+QXy3\nbPH5qH4dEaoqkHbSqgAb74A53q06BYSdYvJbq/mMVnAPOuJ3OdCk8+7twB3J+ZBNd4bewHZXTAxu\nQMJnoyya0ht9LXN1+5VicY1bMx32GMjfbBPpSjySBCAcRAnBxydv+PvWjmEiTsbe2ZepX6eRZWSf\nEbe3IwS3uy53PIZ2PINZ/wATXdvB5HT7KVJYbQHzZUOVkmb87Ke42VQe4TPehZNuOB79/wAoGeZ/\nCgltPPY3l3Ho8m1CmQswG7NgADuefoDSMloy9IPUZm0LLL5UK5wZCN2Yf6RsPm3sanJfJc2sVpEX\nhsYQJbhuS792x3O+lRt74yTVd1frSdQu4zMhjsoEEcMER3VB2zj8xO5Yjkk47UL3m1Yja8n3wulY\nrfp7XFwNUk2UgQ9x/E59uw9Tnf4SCvFex2EDtHhruRdIbtEp5x/rPHsM9z8NXdXjTzM7AAngDhR2\nA9hSxfJyeaWSrYjsZVrat5imGIojuMyzSbLEn+YyeTso5IM7i8hnCW8QkXptuS3ADzN/MewJ4A3C\nj1OSaVn25OKJFL5elgAxByoO4B9SO/8AnyrgLypLM2ria7e2LXL4/HyKPLGNrdMYBGe+MafQbjfB\nFVFdSW+vyW0u6lSw5APIHzGx9iRwTQJJmdmJYszHLMTk5r6MUPoETWADKespBbwyMuTcOCgb+RTs\nfqePYZ7kY7GunB2bIzigx431HHpTcMigqzgMEGy9iff+pogB0XEVlPQp+BhjuGbF041RIOUX+c+h\nP8Pf+Lb4cmRra2URz2kdxKPzF9Q0n+UfL+uaTjmdpzM5Zpc6g2cEN6/SjrGcc1IbfKUQeqt+DUhQ\ntWaIu42q9VqsVqOh+Lb/AKbH5UoS9gIACXJYlMDHwkEEbbY3Gw22rVWH7QunuRDc2V1aA4xMJRMo\n37gKpA75Go7cV5gPtU89v61Vk0Ub/T5e6UtcWmwvXJPFnRQrD/q8BQ7A+VLk/IaMj7CrToPU0u7d\nLmxuDJazKC4QnKH0dexB/ocEjevCnQN2+9Gsbq5sJRLZ3E0Eg4aJyp/SqztBggFLdE0/hwV+k5bp\nL8J51ysEojKk4/7m/c/70HxO1tN4RFvcSQyRHKrO6MxicYwMDcHt329RtXiL+N+vPEqNeRnSOfw0\nWo+5OnJPzqaftB8QRwrDLNa3NsHDmGa1Qqx98AGqI+GytLSOhv3hG3eCbzYTD2x1HAqIix60jP42\nmmcMem2Ee+WEfmAH6FiB9K0Xhjx30W3l/wD2XS0ilOQJo1LhfQ4Zjx7VtO1EjWWGWfyVR7Xt/wAS\nu2fSSsYuL4NFb41Yx8TD1A7D3O1Q651yc2sdvBHb29girJGjNsVPORyW/wA32NXPjXxN0xukwTdN\nYXUrqR5x3VduNG2NznJyc49q8v6n1N2lJiv3bXCBKYo/LBPdTxq7bnmkRGSch8ja9CqjYnTPtxsf\nnX/VDqfVTcat3n0nfb4R9Bt96pcPPKBHCutjgYX19AKeim6dExLxzXTcr5r+Un/uAySPkQadN51G\n9t8QeR03p7DDMqi3iYDGQT+aXGeCXPtVh7yFoxgRCmt/MqkaHypD5uTIuxB5U+mO1aro73C9PSeU\nQWfT4mys10P3IfBBZU3Msm23IG4xjGKWK4t7WUvbQr1GRML51yNNuhOeFJGRncFiAd8rVL1/q151\nO7E1/dm4cKADwqD+VRgAAe21JeQ7ARlj5TXT30V/1PxRojuYektMDcAi5vZjm4uM8jP8CnuoJJ7k\n8VmLi7UoFTg4yWG/yqukmJO2w9aCZM5OTQAhn4VbjgawUFYXN7rjESDTGpzjO7H1P9h2+9INKDsO\nfWl3kLbDYV8pxzSy+09rAEXOK5qwN6hua6SBjUakeqJSLatzjHpXN22U496iAWO/2qZGBj7mmKFO\nNNQwg2qY2OATj7VGIkKRgb+1EC55570NLlwZLAd6chUsfYUFF7Dmn7ZNhXBqBxTFtFqYbZr2jwR4\neS06Eg6p0+E3Ejl9M8ILoNgAfTjOPesV+zfo3/UPEnT2lkEUUUwlJK6tWj48c99OPrXuvSnEkMkl\nzb/E7ll30/DgY2pGok8PyV6qs93Yr80od+aKtaXqPhuKYmSzlWFz/wCWw+En2xxVRJ0LqkaM4tjJ\nGu2qNg2fpz+la10kMkbJwlQxqQNd/BXyj4rK6A9fKb/appY3740WF2wPcQt/tXbgiUK+xVrbeF+u\n3C6oenvj/VIin7EirS0/Z94guANYtbfPaWXP/wAQaB08TeXKLHdZU1BgDWw6p+z/AKr0y1/EXd70\nwKThVEr6n+Q0/rWdfpF75qRxIkzucAI2P64oo5I5RuYbCEzMaaLharGWl3OKNc+ZEGLxuFDadWNi\nfTPFJPJq5IA9TUmuie3ItSaZt8MflmgMxJpyyaMRuZjEinGXK63xuCFXOCd85OOBuKdTrHkDyuk2\n6QTN+a8lYNN6ZDnZOcbY+dAXnogc/aaa20uLF7BUfqmLRXXIVow8xXjIjJGB3BbT7GgXnWLbSwtr\nLzJ2Azc3khlcHjYbKB7ENj1qNzPZQs0szv1K9f4mZiyxBj6n87n/APnf+aqO6nknlZ30g+iqFUfI\nDYUh1nJUxxl53O/pH/GRDS86vcsvCOxCDfONjnHy00ndXjT4BWNEUYCxqFGOd+555OT71NrYx2yz\nXDaQ/wD20/if39l9+544OJ/gUt7Zbq/yiSDMMI/NJ6H2X379u5AFWhsGVXsMqW7cZoLktsOKNl5T\nk4CjbONlG+3+c0MjOdOdI7nvQEWmhB+VTHy3runfapqhzgUIabU2oOcD1NdRcbndv6UQqFPOT61w\nnFHto5UWvhtwN6+GWPsOTXACThfrTMKasbYUVPKjhfRodieaYWPA3osSA7imIYQxz/CP1o6QkoMU\nB+EY+Jv0FW/T7bzZ0RVzuAMUKKIj4sfG2y+wrV+HOmSCM3HlkrjSm33P+e9GxovKRLJtFrWeBumw\nTdc6dayt5cBlGcd++Prx9a9lbpzTEupVRxhj/m1ZTwL4O/DGLqPVQySLiSGLOCNs5b9NvvW0e+ty\nx85kVhsA3OKw/iOp8Sb7o2AKURM2jc7qvCdyamjHOM0PNfA716uliqytp2BwxyKsYX1PkVRRsc+9\nWnTy7yqFBPrVSZmLXeIGC3cLQ2rrG0ZU5Y5yCNh/vTN/1FLaIkMONzSzywoCfgjAX3O4H+fevPvE\n/XTNM8Fu6sg5dTz7VnwwGd6znaqTVOMUGG9T/Sa611Rr65LknSNlHoKzPiG/NpZrHE2JpshvZflU\nUu2B+I7Vmuq3JuryWTOxOFHsNhWw9giYGhaGj0fnAPASztzuKF8TcDb17fei26TysVtoTK+MEKmv\n9N6i9vISpuJY487fG+SvsQMkfakLbJAxaE0gXYHUe/pQJJWPJzjtU7nyVIELvJsMsy6RnuBvuON9\nvlS+5Xc4XP0qCUQA5XxYk7HHypu3Mds48uJbm6J0oCNaKfl/Ec/MfPOysMUk8qxwqzMxwABuauIL\nuPoqFenlLjqjgqZ1+JYAeyerc5b6D1oDZQyOoUMn3yjXFtbeHx+I6rovetP8S2rnWkP+qU/xH/T9\n6ppoJ7926j1eZ4opiWErJlpTxhF2yBx2Axj0FMgQWWZrnTe37HPltlkT3Y/xH249c8UveieSXz+o\nuzzso0xnbSuMjbgLjgDsaAR5QRW02TZ7/wAAdlWSHzDgDy4huFG//wBn3/4FcEJCa2DLH2Pr8qsP\nJCBZZwCGGVQHBPufQUvKWkIZySBsB2UegHaiMVKzv7JVUJOwoulFBBJzjPHeu/KuMCxySSTySaEg\nDhFdoZU5O1RI32A/2oh4wO3epRRFm22NB6BTdKEUZY6VG3c09DDrwB+UfrUoYf4V+pp+OLQAqj4j\n+lG1qWXKEcWSEUbd/an44QFGRsN6+ijEYAG7Grzwz0G86/1FbWzU4GDLKR8MS55P+3NG5wYLcgtW\nX7P/AA5H1rqhkv1lFjD8UnljdtxhQfqM17fbnpwh8mPptpFCMBAI8lQOMH5Uj0nw2tjawWtpEwVB\ngM5/X6/3q8mZOnWRiSS2SVhhlzqZuR/nasPUziV3lz2H8pduNk4CFfdXD3gjtYmZCPL5Op/8/vUZ\n+nMZMzzwRyEZKsTkUC0njsLgsjRTtkHWozj2BPr/AGFFu70NOzHK53xVctc3DBhC1wcbecryULsD\nUhGdQUDJPAG+aFJcwxwLLFIHY/CyMMEH23OR7/pQZOrZRRpSJVH/AJYwzfNuf7V6+3EW0LJfuAsB\nWI0W5DTso4ITO7U3L1Ty0AUJCp3LAVj5LoyOWzknc0CWYuCMkj0zUGDefMVVk0bpiN5Vp13xBPdM\n8MD4gG2Ryw96zbliTmjsAOeaBKVHNXY4msbQ4Whp9OyFu1gpLXTmOPsNsCqSZzq2Jpy+n1MQN8VX\nNgnfP0rP1Egc6gtOJm0LrzSMAGdmA2GTnFCIIGW2HvUiT22+VRxvSrtMqlBjngZ+dcCljkn6+lFC\njG+9d0mpUrqk6fLhBXI+JidyNucdtuP612NiuYrRSzvsXAyWHoPauJEzqcDCDk9qMhIAitkbU2xI\n3Zj6D2owluUfJS2ABOufnY5VfT5n9KtT0+Lp9qbjqRDXsi5itm3Iz/E/p8v+cTiii6KgmnCTdQZc\nxxZBWH0ZvU+g+tVM8ktxJJNKzOzH4mPrXcJALpT5T5e/f5eiWnYyOzuSzMck19aukUivJEJVBz5Z\nJCnnnBBp6OxndC0asy6DIQhBIUHGWxx9cdj3qzuOl9Igtog3Une40nzVSA4ViQAozjJG+ckdsd6B\n7gmuka3y/sqC88u6uZZIYEgDu7hQ2yg7hRxsKV8vOwFWbWp0s48vy9RX84LZ+WePehtCQxGO2dqV\nV8JodXCRWLcYG/8ASmootsKN+5o8UGabiiA3IqWsXFyFFEI1G254HrTcEWMbFpGOAB3PoK6qadz+\narPpHT5r25EUK/Ew+I4zpXvTeEsnunfCfhy78QdSW2tQFAwZp2HwxL/c+g7/ACyR7102w6d4U6et\nj0mMF8ZeVhks38xPc/pRPCHS+n9K8N262cSnUgMjd2fGGYn1539BtsKQ651KETeTEyrFHsMD83rk\n81gyzO1Uu0DyhDI/Y21eRX/4i3upXDoiQ5Gk4JPtWLlly5I2zTknV5vMkaGVFMiaSEH5V9BniqqQ\n5PNO0sBjJJHKoaiXfQT0VwI2UkjV/nrXz3xZsqWx86jZdLmuohK8sFvCVJWSaQKGxtsOearHkMbs\nuVbB59ae1scji3khLO4AWvPJ5FjcqrB8bahwflScs2W3Jock+oaVQDPfvUEU8mvSNYSrIZ1KNqpz\np91awLMl3bCcSJpVg5Voz2Ydj8j+nNIDbtQLqUR5IOPbNTIxoad3CbGKdhMM2cnI2Ged6rLy5BBA\n27UvLO7nkj5UJ31D4gD86py6vcNreE9sQGUBssSagAD7UYjNFW2IXVK6xL/q5O2dhz9ePeqXKYSB\nylcADZcn33rhjOAW2GNs9/lTbSRJ8NvHk/zyDJPPA4H6+xqX4YBy97IUOcleZCfl2+uPrRhCXVz/\nALSUcbSOEjDM7HCqoySfQVap0pbQB+qyeQdmEKfFKRtyOF57+nFdh6m9snldLhFszjSZB8UrZ7au\n30xTNpb2hhWXqtwqEEsUiBeZ9xzvgfX60QNKtLI8c4HpkpaC0l6ndrb9OikkiyDo0aVHbJwf1PrR\np/w/QtUdvLHdX52aVd0i9h6n3/5qd912RrX8F09Pwllwyo2WfsdTf4KpNPrUlxKGOOST8eG9up+Z\n/hDkZ5HZ3Ys7EksxyST3NSiClh5mQntzUwu21SChTvzQWrmKpMCZRGgVBlRuT3+w/wB6GzNM+WJJ\nwBkknYDH9BUVUsfajxp88Cu5Q7QEIRnbPeppFvnH3ppYidwMYGM0VYdsd6kNpQXJeOIdhRljyf8A\nNqZSLGw57mipHjZaMBAXL7pXTLjqV/DaWcTS3EzaURe5/t7ngCvbvDHg2PovS5Le8j1XUmGMqdzg\n/lPoP+e9Vv7J+jwWHTD1ljrvLnUkYHMSBsH5Ekfb5mttd3cxUhlc5OSxB44OT2ztWHrdVI95jj4H\n7rtzaym444rLpflSP5UY+H4OcHsK8/6l5cl5N5BYxajpJ9M1pL66kmgEZZiS2o+lL/8ASIowJ+oX\nAhONQhUAu3+1L0xEBLnnJSJX+IQGjAVP0rpc907smlUTd5HbCoPeu3EYluHEI+EthNuRnariW6R7\nK4iDGNHYHywudRzvk9qRjJhXzF+Fhn4gN9xirLJHuJcfySZGNva036pdDIF/CIQPNIQ57nPr2qH/\nAEiRncNLEpViuNfpScpYyM+CD60ORpJpGkZssxyT71YbG7lppSWAtwc/wvKcqFXf4jnIxx/m9c80\nDk0OK1kuYg1syPLnBh/j+nY/LOd+KSZnUkEexra+1gdFeMSbe6B+FeaRmYs2/NcXI9q6RmqskzpO\nUbWBqEa+Cmi6R6VLTVcAdUaEIWxkkAd8nFfKsSka9TgE5C/DkexP+1E0VzR7UWOi6l38SyqFgRId\nsFkHxH31HcfIYFL6e7ZNMBB3FfaPautQGgcIWpsYUBR/prm4zg8jBo2ivigriSVNBL49KloxzRtJ\n05XccVHQSd+ajhch+wokcQ5ajRRFvyj5mnIrdVwWyTUtBKEmkqkJbtgUwkIHAo4AGw3PoKmEJPxf\nYUyqSiUNU22oyJtTFnZy3c6wwRtJI3CqK9F6P0Lp3h7ps/UeqLFdXawsyIylo4nOyjH8Rzjnbf2z\nSpZxEOLPZLc4Dlee2dvG8yLO5iizuwXJA+VXPVbfo8FtCvTJ555//Md10rj5VWOS7lmJLE5JPevq\ntbCSHWkPYXODrOOi9Y/ZNeKeiyRSE/uJiFyNsEA4+ec1p72ZpGI3C5zj39a8o/Z/c3MfXY7aByIp\ns+YuAc4BI/X+tepldAP4jIK/wjmvO62ER6gk9cptmtq+tBHCGnkALKMop7mquYNK8lzdlsE/Vj6D\n/PT1pt5VkkyulFX1rt/eR+THobVNCPgITAyTufpj0pI3A4GT+iAgEZ6IUCSSotu9rFboFy0ssZBA\n7nJ9dv7YqSQWa2r3NwzfhkbSoU/FIf8AM+lUl3fSzH95K8hH8xzik3kdl05OM5x71YbpXHrSDxmj\npaPdtA5JhDgZ4bGw7b0poHrUWbHJqPnCtBjC0UEvda8ea3mgYEqy77MNwfkRzTyvDfKEvwY5sYW4\nA9OA3qPfnjsMUGGaSHZTlTyp3BowCSnKfAx5U8Gr7o1qNfXCTubCa2mEcwXDbo4PwuPUH0obWzqq\nsysAwypI5HtV7Yhpg1lPLFHG+6efnSreoYfl+fHrirbxF0DrfSvD1qLu4aXpuvX5CSlkic8HTwM5\nO4+XferI4McGk8o8EWFh9BzxU1j9qYKe1EjjzRkIbUIbZWJ1kgYPAyc42/XFDMOO1bXwm/R4bPqn\n/WIllzbEWyBTq84nCsGHAAJJBODtsSBVV1SHp8ej8Dczzn+LzIBGB8sM2f0quJSXlpBx9EZGLWe8\nkntipNDvtnHvVzaxy3Si1trcyu7ggJGC5PGAcZxvxx9q+610e+6TdC2v4RBcFFkMeoMyhhkagCcH\nHY4NM8Rt7eqijVqmNswiMnw6QcbkZ+3NBIUf6qsRaBoGkaVFYMFEZzqIIO42xgY7nO42O+IeTGm5\nBY+9GLdwEF1ykszShVGplUYX2Gc4z6bn70aOzxgyEY9BTaq7HCrpFFEKjd/i+dE2MdVBcUvGu2I1\nyPXtRPLPLsPkOKOrEgeWKYsrC56hdLFbxNPOx2RF49/Ye9SXgIaSSrngYFXvQvDd91Z18iIpATgy\nsNj8vU1v/CfgKxtWjuOuOtxOCCLcf9tDn+L+b5cc81v7v8IttGqhU0YEelcYAHG3ArMn+JBp2xi/\nVASCMFYPo3Rouln8PbQkzk6XY4LMfc+n6Ut+0DVadFMWpW8yVUYjPG57/IVuj0po5XuYjl8ZCD9a\nw/7QY5LjpDOQcxSKzZ5/l/vStPP4szTfz+aSY6yV5tUlXPfFfAbVICvSKVpP2fStB4jjdRkiN+fl\nXpd1cMwLyb5G1eVeEZxbeILUucI5MZPzGB+ten3UJlGvzF22Vd8msL4iweOCeygk1hAEgKsxIz6U\nncuxBbcqNs44r6VJgrkRPpX8x0naq+aZsEAnHOKCNlmwkk4USNThQRknG5wPvTduI4rZ/Pt4Z9Q+\nF1m+NT8g39QaqZWJO3ah62HerL4i8UCgaA3KLcMudth88mp28tksf78XDPnJKtt/SkmBY5O5qGDT\n/DsUSu3UvOfLroT2ptoipKspDDkEcV3yxWqWK2HJf4yMZOBx7VoujeKb7p9gbCeOK9sGBUwzgnC4\n4B7VTCMV3SfSq0kDHinC0QkK1XS7Twx1a0mj/DXVrehSVxNkk89xg+nA+Xesnc2c9pMY5BocclSC\nD9RtRFVgwKnBByCKmSSxaRtz3O9IZp9hNHHqu3uv0X0FvHckIsixS9g7YRvqePrt7ihywNDK0csb\nJIpwysMEGtH0jw/b9ctF/AXQjvkDF4mxpYAjf1GxHt8qqup9LvenThL+CVGxhdTZUj23IoWuYXlt\n57dUwuNWlLW5e1mWSCRopVOVZGIYH2xXJpHl5yxxsWP0ArgUrsAAO1c0sWC5yx2AUb0za27QeIUB\nlwSWP0ArmAOB9TV9aeHuqXyoDE6RqMBp20ae+Mc8k9qu7LwVCpVr25Z2xusQxv8AM8/YUl0zW9Up\n+qjZyVj7JoPOzdGYxgcQqCSfmdq0Vn0JurKx6f0e6hLMCs01wAgUn+Urk7ehNa+z6XYWOPwttGj8\n6iMsPqd6s7e5kgcOunI9VBH2NVJZi7LOfmk/+j0a1Vtj4C6dGkLXkk7P5YEsaSAqzg7kNpBCn059\n61/T4rfptqbbpsEVvHjGAoyeeSck8nmq030kr5Yrk/yqB+gp2GZpImWUb9jWZI17h94bUfanPOCu\nSz7MOT6ih/idA1MQEUFiScYHJJNBlUpuM/asT+0zrn/T+ii1iUGW61Bt/wCHGOPYnPzApjYg7AS2\nOc5wb3V6P2i+Hbe4ZZOo6JEJGRDIRn/+SDWhveoWHWuiSrDLHPHdwlBIhDAZyMj3B/UV+VWbfc71\npvBHia56DeeXkSWUzfvImOynjWD2PGfbscDDX6Nthzei0XROazynKtmRkdlYFWU4IPY19itD4piS\ndouowIypITFMGXBSQdm9Dj+lUIFeggkEjA5V2usWoqWRwykqwOQR2Nem9M69Je2FvMqLC+kq6oDj\nIPIzk7jFeeWMME1yiXM/kQn80mgtj6Ctb0oQpZxi2Z2iy2CwwcajzVTWsY8jcMhQ59GgtRaTJPHJ\n+JlkSNdjo5JPrmrjo8XTZIgbe3QyquA7JuD6/P5VkYmQyAOCyKM4Hc+9GaYKpEZI9qx5dOXYBpQH\n0FfdavYPNEaJF5gx5kgjVi2PXINVQtOlyMZbkKuDqYISNQ9ABsP0qu8wsfiJJ96+L798UbNPsFA0\ngdISbKHJY+ZdGTpsUvlgA4O+gntmpXnh+4gmCKyS7AluN/SrjpEsTRiDypDI8gOpBnb39h/era7j\nHnfEUzihfqpI3bQkl7TyvO5LSCcYljVh7ilm8L29wrtb+bGF5wNQUf1/WrOIHFN28skOTEzLnnHe\ntR0r2jyFKDy3grNN4QfGUu13/mjK0BvCd6DtLbkf+o/7Vtmm81SGOk5zjGxonwldWvJO5U8k798U\nr7XKOUzxn9CsKnhS8LDXLAB7En+1NL4QzzdgfKL/AJrXhtSjUOBgD0oLk5+Ftqn7TIUszyHqqOx8\nLwwyI5vp1K7hoxoI+u9Xh6RFe2/k319dzxAghH0nP105+uaiMht9896dtyHICj4j2pEznHJKjxZB\n1S8Xh7osL5SyUnsXZn/QnH6U4emWdnCGtIo4gTghABn7Cn0s/hDNKFbOApBx9671CB1KJlTgZyDs\nc1T8UlwG5G7c5pLsqrfBHAz61zTg4U5FH8gk7mpKIwvxLv8AOn7gOFU2m0FYSwye1cMJ96bWRMYA\nNSBXGDQ7yjASElu5UeXLobOc6c0SPzgMSOH/ANQGDTWkEVxIdTANsu5J27fMioLxWVIB4CBlxwx+\n9Yb9qPSZbrpn41Qn/htP8W5BJDbYxj8n61vIZoDqWeJueUbDD6HmueKeiSr4VvZY5Y3M8DxpGSFZ\nnKkBR2J9qgTNjeN2FYgbIHbm5rn5L8wyOEbBqy6FbHqPUYrZQxV8s5XlUUFmI9woY1XdSEH4gC1d\n5F0jUzDALd9PfHzrc/sSjs5fGkMd8f3mgtbYypMq74DAj+HVsdjwe1WZZNgcey3Xmo9wXrvTfD1z\nfeDPw3UosdRnhWRmZjtIFAUnO4b4Rq25zXns3RryG1a4eJfJU4ZldTpPGCAcivcOoTtCyAeYd9Pw\nDOPc+1eR+NrT8L4hnZcBJwJgB6nn9QTS/hc73PLLwcrKG6/KVntPvWz8I2M150p3XQscUhTUTz34\nG/eslHGXOFGTWt8GSOLe8t22CyK2DnIOCD/QfatTXEiM7TnCc4CrKt73ps9i4WXQTpBJRg2AfX0p\ndo28shNmxsTxVusCsoC/EX5J2FDjtWZyNPwislkprzHKruOcKhiu4lLpdMLeWMZYOcZHqvr/AFpG\n+6s64FtEVQ5xLIv5vcD/AHrQdR6cknVumyvGHiVmVsjO+Mrn2yPvire5iVoSHXKnYg8EUz7Q1pBq\n7UYGaWLseq9TW0mW2jlZ5TvMqE4A7AAYHzqve9vmdvNvLlXU6SGdsjH1r0OCMSAKsOe2QTsKZh6f\nbxqR5S5JJPwjmp+1xsJ8gUs22cLGrGw9hTIjkVFdlwjcGnFEauCiBh6NvXLrqECyeS8scYI2VyBk\nUTpHOOAqZSy5PFMwxal2OGqaBGwwwQeCKJ5bRsNJBUbgigc+8LgQUHTg6W29q5cW5RyUyRz7ihX9\n/b28Wu4dVYbBR+ZvpVLN4njGRDbOw2wXfH0xg/1oo45X5aE1rC7gK60nIBGG59KUn6WXbzLa7uLa\nXOTpYspPupqsHiZHyZ7Wdj20TKoH3Qn9a4viaNPyWcjD0efP9FFNEM3Rv7KfCeOArZutde6IgF5F\nDe2o/wDMAx8gfT7d+a1/hbxV0zrlsbW6ljinxhY5VCsTx8J4J3277HavM+q+KLy/gMAgtYISukiO\nFMsPdiM5+WKz2SDQn4YNQz7wbXdx/P8ApXohsyvfeqdLjj6ehtkLzKRko2SR3JFZxkOa8zh6v1GC\nMJFe3CoBgKJDgUWHr3U4HDpeS5HZviX7HY1EfwyWMEbgUiaDebbhejJCx7YplLR2GcHFef23i/qc\nY+MwzH1dMf8AxxWi6V45hZlS/tmi7eZGdQ+3IH3pUul1DRYF/JJ+zEcrSrakbGp+RjamoLiC6tkm\ngkWSJxlWXg0SGJnkUtsprOMhHK4x9AqE2RErs2wJJFYn9rXWf+n2dn0y3lcyzxm4kXOyqGKp9SQ/\n0HvXp/WJoLS3mlaKQrCjOdO+cDOw71+e/F/V4pPGIjvJUufwsQtpJSvwmQEsx3/hDswGwwuB2q1p\nHGWVpPAVnTxt81izWPqsBICsjBgQQSCD2qw6FfSdN6pY38IBltZknUHglWBx+lK3r+ddzOw0szkk\nA5xk1y2I8z5VZLQXEdFr8tX66i6hHfWsdxaEyLModWLahg7jHtg1mvG/TDP0f8VJERPb4+Puyk4x\nj65+hqm/Yr1s3fQmsSQLiyfTqIJPlscrz6HUMDsBW267D5vROoea7O3lPhecnFUYyYJgBiisksLX\nEHleRqmMGtJ0DqKRNolAVmwrSY59Mn7Df2+lAorWeBbaK5N8kqI4KKpVu6nOf7Vv61zREXO6J7ZN\ngNix1C1MMI8pST70ZYywGmhRwCwgCW8cskK8guXZR7Z3I9s/KmkhCymUM4yMFSdvnjtXnS/sqhaO\nRwvtCIRkZJ5oUyayfSiOMg4YgnuORUCuFUEliBjJ5NcObQ9F9E6RqVz8R4OK75lCcAqQwyK4jjSP\nLZdPap2hdfYLMtKsca+YcAsFBx3JwKLc28N1bmOZA6H17GqrrjBulTYO40kEHPcU/wBDulvrGOb+\nMfC4HZh/mfrWo5pDd47qrXl3BZt/xfQ74BJW8hjkbZVh7j1+1XL+JilsjRQj8QudMitqjbPIIO47\nHGT2onVbgTSi0toEup88MgZUPGd+9KJ4cuk82S4UKFGoqg3YckAYx/zRudG8B0oz+6tMkYW28ZWf\nnMtzLJLK+pzuxYgf58hUBAShI07ds7/81rLvwuSqNZzal2/7np8wP7U/0vw/a2nx3I/ETA5G+kD5\nD/f9KeddG1tt+iLxmgYWctfC17dQCUSW0ZP/AJcjkN88AGh3Xhi/gICeTKx7I+P/AJAZraRxiGTQ\n24bLITyN9wfej76TkZ7Yqp9ulBu8JfjuXmc3S76IsHtJxp5IQkfcUo0LKcMpU+hr0+6nkiJCQNKP\n9B3/AFrOz9Iv+sXxnuEjtYhgYzqIHyHP6Vah11//AEAA99Exk98rLQWsk0gWJGdjwqjJqxt+hX80\ngQWVxqPGpCo+5r0Dolra9IiKWLKXO7s/5pMe/wDan4rh7nU+Fxn4l/lqvJ8TfZ2Nx6ojKSCWjhYe\n18H38hAkFvBvuHbJx67A1d2vgu1jbN1cvKoPCKEH960baUOt3+YzUjlgpDjbcA8VSfrp3/5Ul+KS\niWlvFbWyQ24WKNFwqjt70EdQCxMsyuXQ7MucH65FCiuSPMV8HS2P8+9LSoryKqtDEWy3xyhc/ciq\noYM70BcbpqF1rqBi6Pdz2kM0tykTtGGJbUQCQO+eK/MUqiSdmkYnUcknc5r9RQ3nT3nAj6nauRld\nClsk8bDG/wBM5rx79skFqPGBjtoUV1gQSaUwWcknJ9yCvvxV7RODX7K5zlWtKSxxBXmFwQkxXOr3\nzU7Q5c1beN+jwdH8SXXT7a4SdbcIjuhyPM0L5g+j6hjtiqWAmNtu9Ma/c7d0K2P8V6N+yG9Sy8Yx\neZIUWdGgxnAJOMA/UffFe+vKWYgcfPNflXo1xJbXkc8TlZUYMpHYg5B/Sv1P0947uwt7qH/tzxrK\npPOCAR/Wka1gaWyd1l6kHda8x6paG06jPCFKornSD/LnatN+zyFPPv5OZAiqrH0JOdvoKr/GcKxd\naZxxLGrkDt/D/arb9njaWv8AbkR8/wDuq5qJC/SbvQfulnIWoMpUlJFKnOF76u+367c7VEOsoPls\nG0nDBTnBolz1CG21a1mZgNsIcMewBxjPtWeHWRcdTkFlYvNIoGpw2Do1KMkem4/+uMZjXEEgJQYT\nwrsgjmhyxySKFguLaGViFBnzpJJAxt33GKznVfGMFkwY2F00OdIkddALc4Hrtg/WsZ4p8VHq8bRW\n1sIkOB5jMdWPTGcc+2dqsxaaSU00J8Olkc4Fwwm+t+M+q2TyQSQ2QckhGhcOQASCSVcgcf8ANZu3\n8T3cCssaJpJJ+LmqpowOd8UMgZ4raj+HbW+cgLUbBEzAareORyN3Y9tzmrjovU5enswQB4nxqQnH\n2PY1V28LyKzIjOqjLMoyFHv6U1EvttV+RrHgtIWQ8AiivQfDvUenTRrDbIkUpOSr7MT8+9Xkvm/m\nR043Q8H69q8oUbggkYrX+Heus6fh79nxGMicLnA4+M/bf71harRlnnabCqvirIT1jdrCPILOJrf4\nHgbfUgOxU+uMfP7VcR+W6K6Asp3AX/P8zVZ1XpLXmi4sp8TBcqwwA23qPakun9RktZWW6h0zKcSq\nFwwPGoeoPoO/zAqoWBwtvKCrFhW95q0pIoBwScbnf02+tcABXPKkZz2pCUBgk1iVuIVYzEIck+3z\n+LI4zj5V9Y3fm28pjYMqtlO3wncfbcf+2paDtUBpq0VWEySRhykqNp1LyD2P2x/SiWExmjZZAonj\nOl11fYj2PaqeTqUUd9HKQYnH7uVH2IUn4W5xgHv6Gi9SnaOdbi3IFwEOEI2dRuV9/UfI+tMMZOO6\nLabpWl3JHGypLkRykKCOQxO3Hf3odpczWXWYYrjDxSqQJMYJPbPbtj5keuBnerX4ZYzrKOFW4h/l\nZdjpOO4I/Qb71ZTXX42NIZFWO4ysttKR8JYbj/kc4JrjCdueqe8uaAfSlqZjp1aRpDdwcj7UGxjZ\nfMWRyU5WkI+ppc26yfCMYLKcDTxqB91zvVpGSvOoe4FVSC0UgY4tBB6qNwkVrFLcyMqxKC7uTgAA\nb59NhXgnifxBfdU6tPMZpo4WP7uMMQFTsMZ+/vmt9+07r8kbJ0m3XKSR+bOe5GThfbjJ+nvXmN2F\nlClF0sNseorT0MBDDI456fJWoIwDuIwUCG+uYJ1ljkkMqnILb/1pzxTfdQsevR9QluGk6kq2915s\nigkOY0cDB2wMgY42pifonUbGEy3sCwxq+jDyIGJ22C5ycZ39Kp+tS3V31GX/AKm8sl7I37wzE6s9\ns542x9KuACTzAg4I/ZWQ1tggLMXErPIzMTqJySTnJoauc7nIrUePOp9G6t1ya86bbT2yMqp5RKkf\nAoUYxwMKPXvVAi2wtC5ilMofnXkacdwBtv3z3G3eqDInvPvCvtcC1O9Mf48nYkbV7Z+z3xgLXw+9\np1Ryi2qM9vITtIu50bn83p7bdt/CReR5jGkBVGAEUA4z69/maOOosW2ChSMacZ/rVqZkL4hHIVWk\ngdKV7xL1jpniLq2me8is4Y42dJWRvjUEb+4O+MevrtVh097fpvT5rux6rEYmXzHAUeayg6V0pk53\nbfOO2/NeAR9RyQSNvbareHrC/hVXzX+AYCFtt96riFkn3bZKaO6WdG5oAXtNv1r8ZHbXPUZ7IW+S\nhaQyJ9cDudxnBA79s5rxTcxGfR+NtruXU58qxQmKNMBtRYgA984zgAem3ntl1ZG6haveoZreOQF0\n1sNSZHw57DncbjNaBPEFxFbzw2E0VskxBZYhj4f5DncjjnJOBkmgihJkLoenfHv9E6PTGM2VO4SJ\nYIJvOVhKrPjQ4IA7klQCPkTXL3p89pFHLdRvHHKivE2AQ+fcHbbtz7VU3vULi6AjkkOgEHSpOCwG\nA3zxtTl91KOC0/AWsVrLDkM8zwgu7YXVhiNSr8PAIq23VSxVYVwMcaQriGaIKZYZIw3BZSM7ZoGj\nO+36UK96jDNJG0Nt+HIUBlVy6k+oDbj6sfttT9hZy39uJYUlkUHSSqnAPOOPersetjlb58fNC5jh\nyqmDq8jW0UbALLGCvmqSCyn+E+uPv8wBjT9Lv4r9zHDGVnySsZfPmD+Vdvzex/NwN8A4CCYf8U/a\nSssqvGcMpyMdqVsP+CpOia7kL07p17YyQyvd9PNx5eCzRnRpUkDfB5yadj6z0qK2kFjZ3EE+zg+Y\ncgjPB+L1OxGCM5rDDrkk1zNczRQi4lCq+hMK+DksVzjUSBwMc7US5ncdSFnFC/nlghj05KscZXC6\nicE49duM7Uh0TDfikj81WOks0FvOh+IoRBOZYPIkRlkcQ50uvBOjO3OTgdhRuv8AUoJjb3aFZ4XA\nxtpYIdSsOMlcj6ZI4IFZu5ax6bLbRT3qTLgs4iwzInJGQ2kg74GQQfTO9df9QtZel2UcTsJ4UZAM\nf62bf5hhuM/lO2+RW8KIyBzbo/smnRDkLUm4Tpd4zGUtEzArn865Gckc8YyQQdtweKagu7aPqDyx\nFVhuk8xjn4VYZJ3/AJefrttXn56jcmCKMacR7qNOoEnkkHbOw7dhVraC8vOnMTdxxRqvxJHLDAzj\nGMYBDNkdu/pROhoX/pKOiI/NaTqtoQXiuXtYAzZiM0y7A76hg5GfTGDnjYVmpr+0s53hk6g6hFLq\nYQ5AlA2BGPmM++faoWfS7vqdyltaozNM4VFJG7HYbmqzrfRpul3s9vOAJopDG2ncZBIO/wAxXMJa\ndm4e+qtR6MV5imJ/EVpNb2cXlTyyWspwdICsmc4znOdh271adO64/UZYraRPic4BDAHPK4zwQcfp\n8jjlgaSRhrRdILMWYDAHOMnc+w3NaKwm6L0vpUN3dXyL1SAvKluY2PmaThYnC7DJ5yc4OOBRueGN\nO4X29ET9JHgLUdFW5vLW4si0jSXUyBQoJdBISjs6jdRpOrcY4Nae5mkhvLyE3MduQxKzTTqsS6Tq\nUYODgrsSM7qa8ii8dfh4wlrCQF+NTKdTK7aC24wdiHw3OGxWa614me8cmVmnJAUs+23GB6VVdEJS\nZHODR76Kq3SvLi3bi/0Xo3WJugrdXF74h6jcfjXEc0QjgdNagDZDsGGxGrYHkGqTrXjDo1sIrnp/\nQracSySMPxUilgMKBmMDYb7bkH4sb7jza5YaFniJMR5B5U+lKSzZyck53onM2jJ/qvypWmaasE2r\nnq3iS/6t1B7q7cSSMCFjVcKgPZR2ApZuu30EltHbytiFRo+FWZfiLYBIzzviqIykNkHf19K4spjG\npchzwQcYpTdRflvA9/qrXgt7JqeWa5lkmmMjuxyzPkk/M1z8Y6IyRkYbckjcGvm6jeyxqkk7FVUq\nPXB9TyaXRdZwAeeBVhm6rjJsrqH+QXMnmixzcA/emrvpoigMqSHYZIIpAACLVvqBqJ9LJE/a8Vi0\nxrgchOq5BpqKQnbvSZ2c8Y9qLEcbjc1XDC19FMHCs7di/B3qytDkg53x2qlicq2RnI9Kuuko0qs6\nq7BPiYrvpHqccVo6YNJDayod3V7YWjXOkRrqz6bk0/1voFz0q8ktLpUFxGoLoW/LlQcfPcfatF+y\n7qHTrDqCy9QtYbgKwaItOqMjg5BAJGfl/h1PjXoyXFu1056dbXLESTy3V60kjKSRqYABQM+i9sUu\nbXiOcROA298c/VDwvEpYQr+oG5o1zYT2bILmC6jEiCSMhCA6Hhh6g4O9an/oVzedKNxZzQSxCMTy\nrGdZQguFUlQdOcHAJG5H0rLjxH0258r8V0a01xRiIaHkUaRxgBvT1yfehkkjcfu8hc6R44FrBRZ2\nO1WnTpII5R+J1hDtlRnG/p379xVUI27Ec1LzSpQKBrRiwcZznbb02x8962JWCJvFKmG7l6Jb2/S7\n+4sY5LyMa5GV1giMZSMJlSMqSxJ9f1zkG61La2XU5bbp1pFHDCSgnkL+YxMZDod8cue3Ydq87s7y\neCdXikdJB+V1JDD61pbK+dkhW4RWWNCgBATO5O5G53OT67b7DFSKAyuuyQOiEROY6ybCvvDnTE6x\neOJJktraIGWeeU5EaZ//ANMc4AG5P1Icv+iJDeu0VvObNwXj1MA4TtqOMZxgnHrWYjmaOQjUQ+c5\nGeefvV/Y9ZIaNL/XPBqDP8ZBcDgE84HoMf0IdqNNJu3tyO3vqrDT0RIehX01q91BZXL20YJeVYyU\nXHOTwKd6L0C8uLd7s2w/DDZZppBFHnPAZiATsdgc091Pxtd9RgjsdCDpkChUtkyqkDjUQQT274qv\nkn02MF3cQqtqraSIjpyckhc4JO3c9seoqk7x9v3gDc/P+RlSQB1Xo3gjrPTLZbeDrKxvJbDNvdKp\nJQc6DtkgEnHNZbxp0y5vLqS7FuF/Fs06rqBbGSTsNwowdyANs0HoXjBenLIIInRUixGCTqL6gQMj\ntvwdtuN6X6r45th0yW3t7Z3nnU+ZNISCrEcg5ycE+w9aymxvhnMrG8+t/wDO6F0jj5Wi15/1Blgl\ndF3ZTgnb9KVPSodEsnU7x7WQg+WiwmRnbIA747/5tSfUZ2kZiTkk5wKr7nqdwIFiaR3Rc6A7E6ds\nbfQYq9NJ4g82GhMdE/G00k7mdEV1YaiR8JU4wff6Z9OarXkLGvpGLEk1yMxaJPOEhbGECsFwccnY\n57bd/UVkueXn0VgNDVB5dsDNCaU6SPWu4wd6iQGfffNGN227QkIeotsBmpAFeaJgKNhQsan3BIqW\ns2nK5EQ9x96Yhk8s5PB2NTsrcSAkkYAzjj170/DapkKMMp2we3rn71vaSGQgPGEh5CRuJ3dCglOn\nnBoMak6ozvq9eKtb3pfk28ciYIdNQwwbgkbgcHbg7434IpSWExjMisjLg/Fse2dvrUTscX738j6e\nq5pHAQrRv/ECOQ9sYPGRW16J4dgvOi3/AFS7vrewt7ZcK0+o+e54RNtyfi4z+U5wN6wb7SA9xTK9\nRnVNCSOqjsrEDfms92r8NpZ1vB5Tgy8ptm0sGVl+Ib4o0U0sW6sy/I4qsVmK5FEimZXDBiCDkEHB\nqsZN34rFpwCu7a8kXGTVtKL1emDqEkM4si/lrOVOgvzpDYxnG+Past5xYknAzvgDA+1Nt1GeSxW0\nknlNqjF1i1HQrHGTjgE4G/tXNYFxTa3bNvk/EKH1CG4trlobuJ4JlA1RyqVYd9xScc6q6srDI3G9\nWniPxJP1/q8vUL2JTM6qpESnSNKgbb+2frTgx1BLJzhNjp0ktl+LiVXtySp0sC2fQDk/bakzBbiN\nTG6MxO6AjIO/6cfeqYNK4VCxYDgZ2FW/RVSCdJJsEBtxpDbeuDsfkea9IJ3SVvbx7pUKLRZKajtC\nukng7qSMDH+bVcdM02cySyiJgf4ZBnA2wcEf59a0ixWNg1tcdTEUMVzGzxujMXYaicHGE0kOOABg\ncA1hOuTsbmSCKaRrVZX8tNWQq52xvjgDjnHNJ+1hzSGswlwTl8nl6dei1M1v0s2UM8sjW8by/ExU\nuPRtGARsNyCRvj6ReexUzXKdWt7jS66FnhfzZAMHABDIN9tzwPQ74BpnJOWO5yc0SG4Kb5IYcEVn\nnUuc7buI+avGK8rd33XLRFeDp8BMIbV++DEuRkZ2YDYE4yu2/rSF14k83pkVo9raqVIZpEU63Pux\nJODk7cVTjxPfxdKuenxTBba50+chUHVpxjkbbqvHoKpDOzHJNUpJtti7ymeCHVu6LVP4p6mbQ2gv\nJPwp4iJ1KvuufynbGRg+9VEt48jku5Z2OSSe/rSdsVlbQ7KhP8ROAKhcyqGBjbIXbPvRRQWPEcaC\nIkNNAJqeXQh/KW2BHeq3ypbucRoNwM75wNu9EuJ9sTkkkk/BgnjnNQvbmEIUs/Nw4+MygZ9sY/za\nrWr1DH4OGjp1SgHdBkpO5kURiCPQyKc69O7H5+ntSbUXBZsAb0SO11HDkgY3x2rMjhkmNtGOiaaa\nEqSOBz60Ndn3pyaHyVJzsRtUxZqsQkZjuuQAKsDSSE7R0ygLgkZMgbfemLSDXpYgk53AoMaNK2lQ\nTgajVnNGILOGQb6gMNscfUd++KLSsDnGR3AUPsYTOiMMiNGo07sVySceor7XgswOlfyYA7+tAgkl\nUGVwNGMYPf3xTKxxybo+MgkrsM+ma2433RbzaQR3U5bkpGp0oUOwyM7evFVvUbmS7IklcuygBSxJ\nIAAAGT2AGBU7lXCqAwIOcqMjT88ilZgfJJ7VR12oc+2kYCcxlZSjvkYG/vUY93APFTgl8rX8CPqB\nHxZ29x71BB8Wa82ZLonlPAtW1rDG5VfMUZ4ycff0rrKiswGNjjI4NKRA8b/ejLhdjvV4ahpAG0Bd\ntIRsfu1K8UszEGmCxZNuKBIH4hh1sf4m4FWZIQ8Cu31+VIQa5QZJxGNzvQTdnPFEXp0zktKyqTz3\npKQaXZcZwcZxVWfx4wNzaHRcKK0kYK7jBONsjIrUdE6m4tTaQPa2NtOgEzshbUVB5J1EZzwMDIGw\nxmql+nsmHcMqA4PaisIgumJWCasgk5OPc43+1evOkD+R/wBWVuDk/eX/AJixRssJjiBAEa4zzyeS\nP0FVcxBXPp6etSljVWG/PqN8VAROhIlOpNyDuR+vpQhu07KTWChYS0qjnvxQJFIONJ22yBVibcqE\nOFZCBjfcHf8A2P8Ahr5oxj8qj/OapzaFs5LxhPbLtwVUuDiooQT8RxVlMNMbBgMMCNsEj/aq54VB\nOGNZk+j8FwLfN809km4JpCvlcY09/Wk7mRWb4fv610h4xkNkUMqHzvpP6VE8znxeG1tH3wiYKNoR\nYkYrjZx7Hiu6T65r4g4APasoULDuU6kaziJYO2QMYG2c04yJGGYLgg4OfakYZWTg7elElkJzg87E\nY2rc02qibCKGVWexxcoSv5gKZAAP3occhVNMp+HGAQeKlIQRnQc4xmoGMaSCPqarP1B37mnPvCLZ\njKjbZR2kjOcZBHtRpdUsTvgKo+LAPO+3z/8AuhRrpfVjG3rXZJnSIRjTp3FJjnAjO/jK4szhEfqM\nrx6JMMcBQccD/AK+tm0EEjP/AKhSkaktTUakYzRwal7wHk3XC4sAwnXKzIuCFxUGtHkRlTDZGBg1\nyMdqfs42ZwF77VZM7Z3ASD6KQyhhUbdIvBjEeR6g01b9HfQxdW1dlxtW9i8N9SXpZ6h+DuPwY5n8\npvLG4H5sY52qreMjOxxXRfD9KSTdnta4ucFnpOmyxplfiA7AHNRgspWbMkeFx32NXk0ohRnkB0r6\nVTdR6mkyFIVf5k4op4NHAd5d+XdcC92KU3ito/4hnG3xVwICMruDVQkckjbKd96sP3sFmSq6mXtT\ntBqzI5xMdNA5SpG11UrmPVC4AJ27c1mmznK4wdx8VWLXk0mAX0jO+Kg0isxJWNj6leazviM7NURt\nxSJjS3let3nSYo47depX1u1wG/7CkhSmRvnAxv3OxzsdsheboMPkmfEkPTlyzSnEjZxjKgEZ7HOQ\nNj6gVgX6/cTSapzqbbcbcf4OKe/64vUBHb3tzJCmy+YVLgDIzkZzgc7Z9K2BqdrbD8++FhN0s7SM\n+/Rayfp/Tbkt+BuWliW3UqpKnyiTpywDE/mJOAM7jsaN0voM3UZbe0ga3ufxIk8+3R9E8Lr/ABBW\nxnA3+HOQSPlk+kX1t0y/W9tOosHjJEYNvlycYJZdWnSckbMT7VoOqeJeidS6MsUnTnbqbJ+8n2VQ\nxGSwC4zucYPz371H6l7hQPv14VtpkhkAA3NVp0roFwTIddndxW7KZxDOHAGoISVBJ3+BvYqeMjPb\n7pEdhI9uqh0K+bbzNErhh3VtsHHrt9jtX9Hn6R07oklxN5zXkrnyGW9QqqYGNUYXUOQPoOAM1OXq\n63PRGul6jdKkMpXyFiChJGGQwf0IXA7jB4zvEWqcHEH3+6tvmqzt+SrOpdLn/EiIQv5pXWUWMggH\n2qpv+nvYlBcLod11BSRqAyRuOQduDg4weCKjddcubliJpS78a84JG2x9eKq2dnJbGKbqdcxrQ6gS\niia9/wCIKcw1AeXkj2FDEDAZfK/MVNZG4DHFSUF223rHlmY87iLPZXmNLeVE2/w5BBPpkD+9Da3Y\nc4x86e/CSKxHwnHcHb71FomU4YEV0jfKC5lD5pg2u4SAiO2QQKJHEWbSWCj1PFNshC4IGPlUBExA\nKqcHYE7CklzWHy2oLe6AYjrKgggdwK+MWANzTsUYBAdSM77jfHaizDzZj8IOPhACgcbcD5VajiEj\nN3UpbsFIeUB2oUtuJFzgDbvVhJGBkk4oaquSCcjJ3qyNOPwOCUT1VQsTK4z+lNxqcjmmfIDZJB+t\nESNVJ18Cgj0TowQOF2++VBEOOKvuiTC2SQtCrmUBD5iAgDIOVJ3DZAG3YkcEirfwBe+D457tfF0F\n1NG8emF4Cf3beuARk+nI9qpri8tfPlSxZnhDHyywwSudsjscVEPh+KQ44HHY/JNzS2X/AOR9Rvum\nQdJmuCOnwElIFAC5JzvjncnnitN1TwC154f6Z1XoENxdLcRhJoQupo5QMMdv4SQflt61gOhzRo+b\nlhGukkEKH3+Vbbqv7TLkeHx0uxW2tomH71raIRMwxg5xgDPfA9uKLWMfGWmGhmzeBn90HPK846ra\naGlhkUgjKkEYINZ+KwhibL/E43x/n0p/qd81w5BJIJrPdVa4j+E/DEeMHn50x88RHi7d21QWuGCU\n1e9RgtwVjw7jbSvA+tUdzeTTn43+Hso4oQVncKiszHgAZJr6WGWIAyRugP8AMpFZuo1s+oGMN7Bc\nGNaiW8iB0LIWYMDknO3pirJ7FZXZ0EqqTxpNVlpcG3k1oiE4x8QzWmsb+Oe3D6SDnBHvVrQeHICJ\nHAHtSB99FmypzjG1c3Ug7j0qTS/yjehFjnc0sHqhKYUk/mYLsSMjn2pu0v8AybS4g0Kwl0kOQNSE\nHkHGcc7D29KrV1NkntRioEYH8VMdZyzCihwU8/UJp9IlcuVGATzivmvJmgMPmOIS2oxhjpJGwOOM\n7nekmTRvnb35o8AB+IjPbFAGyvdscaReXlSjbMi/PmmxvQRGVIIWmVYEjFImgcw0nxuFKcUeTvvW\nhsfKsJYiwjugq6wpB0ByB64JI29sjuOae2TMik7CrSKM8mr2h0ZcC4jKiVwPlUnxIdRAHG/Ga+tb\naGWfVOTpDDKq2Cw74JyB88HnipyqTEQu9Lw6iDgnGc/p/wA07WubC4RkWOUUbLb5cIt3Bb20ACtL\n+K1E5DDC4Ix2559OKigjYFnVpZNWpmIGffuc18YHlYYFOWUBOVC79zVSBwkkIaKCZ4dNtxspCWOJ\nmHlpgDtQzbMxAAwDW58KdC6TPIZOt9YhsoQcaBC8kh3G+w0gc98+1T8bx+HlvVj6FJNLBGgXzJF0\n598cknc5OPTAxucbXulDCK74ofVC9wAwsE9vDGCGdmb2paW10rqVs47YqwmCZZQNvlVc7kTEhcrj\nANab42tptc9unqqxJUAfgz+tUvUJ5C7hiQAcAZq7c5xVN1C1mm86W3ieSOEBpWQbLnjP2qr8Ta4Q\nAA/7QxkA2lop2LAZOO9Wltf+SMJ+b1NUKvpookHrXmo53xG2qzd4K10XUlePSXIb7VyOUzLpBPzr\nMK5A7iix3k0UbIkjKG3OK0jr/ELfHGB26qKoeVWkl4kEjApqYcUhe3rXOx+FR2pQuTUoYzISewpD\ndVNKPBhwD0H9riByU1YzEDCqBp/iq5gmDqPMC5G5G/xe1VlpHhCAhGTnGKbWMjBJGPSvR/DmzRsA\nOVTlIJwn/Itct5tlCxZOWjAKk8EfMev/ADXLe0giVlijCpqJxqNVN1feQ/lqfcnNLXPVZ7mZ5WOk\nsScIABz2A2HyG1FqNbpY3lu23daUNa9y+vemw2tpBh2e5kGo/wAoXtjvSq2exYjYD9af8N9TtV6j\nbHrFqLm0DjzAh0Pp9iO9ew9e/ZbbT9OS88N3LzK6CVYZSD5ikZGltu2Nj96SDpbBOAeO35qlqNW3\nTFrZDz1/heHCM52BwN/n8q7GuZ2J30DffvV31Gze1aRZY2SSIlWRhgqw7EdqrooDHHluc6ifemTa\nUtIr5/0rLJA4WlpB8a5xkbnNGso3nkCqrNjJOkZ2G5pc6pptKcscVorGzWFFVTljzp3PG5+XP2NV\ntPAZ5Sf8RynOftHqhLBjK4GoelRjtip3BzVpBEr/AJyASMknJoyqAMMrY9xjmtd+hZJRPRA2QhJw\nIVPuBVhDuu/pioBQzagMd6PE7rGYlC6WYE/CNQIzweQN+Pl6ULYizhNDrRE7Z+VdhijacKxxH39q\n6ApUR6mjkbdWYjBP9vT/AO9hwM9szQzocE7exrO+IPG0McPz7en5q3ACcheqWP7OF6r02zvfDt4t\n5bzuI5BMnlPAf9QBIIHsfkDVL4z6H0/ot3BZ9JunvJlXE8oxoZ/5VA9M+p3+VH6N4l6t4Ytbe26d\nfGIzQrNJGdLKpbddiCMlNJz74qt6rd3F31C4RFlmvpnIkwg1az+cAL3JyNuw98VQ0emmDw5zvL07\n/n8kR5Velhcy2M1yjW/lxZ1BrhA5+SE6m+gNZ65l0n4jg+1WvUF/CqyPIpcA50HUB9ePtWcuXaZ8\nrk98CtHVTeCLvcTx76pbRZpdMgYHO5Pek7xwm5O2ORXQvxEHY96X6nE1rO0DvG7AbtHIHXf3G36m\nkR/ELYQ4ZQujo4QJ3IjYrxiqZb25tZJjbytH5sbRPjhlYbg1aquvnPuKHcC3j+JlU98tv/8AdBqY\nnahocDtASbAwVQb5p2zs2lYNJ8K544NCNwscjmNQATnJ3P0oct3LJkFyAew2rMibBCdzzuPYIyXH\nhXl3b2UXTvPku/36yBBbqBkrgnVn9Ko5JgWJUYHYUHS5P5SfpRo7ORztsvqdv0rtQXap9sZX7qG+\nTkr5ZSKsrCRioVlOM7GlfwBUAh6sYDGsZVThwQAMbEb539eKs6HSvgl3vx/KGSQEUE75rBNOolRv\njO3+bCgC8Eaks7Htgbf5xRLe7S1LmWKOUOpUhwDjPce+3NK3LwPMXRAEPYDGK2pJ3AgtIFKqH5ql\nX3crTzGQjGe1djtJ3QMsbYos0iQnVEihvVtyPpSzXLyHUztn51hTMYx5dKbJ7K0xxIwgWMmGFfqD\n9i/WR1TwfFbO5aeyYwtlsnQd0PywdI/9NflOGQhgK3f7PfFl14a6stzbDzI2GmaE8SLz9COx7fLI\nLNO8aiExdeQsv4rozqIS0cjIXrPjTw7c+IenXPUH6e1p1axcrOiKdFzGB+ZDj4sD69vSvH+pxGNd\nKAnNfqDw14i6d4jsRcdNmDfzwts8Z9GH334ODg15f+07wf8Ag7k9RsI9NlK2XVRtC5/op7dgdttq\n0NDqd16aXB6enpn9Fj/DtWY3+FKK7f0vK+m2flMHYDWTz6e1WIBLDnbfFSMel8ErsMjO3aizwmCM\nfnMhXJUqBjPGN9xjG+39zuRRMhZsaFvbi42UEsylXG52O4zT+P8AwyN8YLHuoxjbGD379u3fegWz\nAhcLpcHJ344x9RTMkOSDGG8s5GSfT6+nyqTYyEYKGG+2e9HBwq5B4pWNhBqZwCRzkDj+3FN2M4N5\nbN5Ycq6PoPDb508d6pv1JA9VYYMqwj6WZzE8n7iMnSxKnn2HJ2xnbatPF4Ulu+gPLI7fiYhNJolQ\nK6+Toyp3yDpYkjn4QOwpiT8JawJeX94snU5cMqxPtCM53P8AYd9yQRgx8Q+PzfW0XkqIr4yO00qD\nHm6o1T7kLg4ArE1LpJMtGDzfv9Vpx7Wc9ELxLEH8b38s2mKOGcqoK/CVT4VHpj4QPkDS56tZQdIu\nYbNvJnJKNMoyZB/Lk8Kfb69hWf614mm6k7+dJDl5GlIC4+NuTms7f3+NpJsnjSvb6UbGbWCyKHr1\nVZ73OxwrLqfVBNCYwwJJ3wMDiqQXRhbUrY/vVdLdaiSNt6We4Y96ytRqnPkDyarik0AAUrCa7ZmL\nsdz3pSa4VyCzZOd6TklZhuSaGpBb4iee1Kjk3P733Qk0FcnAUPq2AA7cYqr6nLE7LoOo9wK+lkeR\ndC4SMetK3KRxqMPqatfUTF0ZawY6k/wqrRRso0MMcgDMiD0Ao4ji7Rr8sCqkXDofhNca6mY7ufpt\nSotbp42gFufkFDmOJV1sBgL2rqk43G9IdPeRwS2So2yabZt9q0Y5WvaHhJIo0hvNrm8mM/EdjtsK\n7MYbVMF28z1B3FLy3KQajFjzW5OOKrpJWdyzEkms3UatsV9XfoB/aNrC75J+e9EhXChcEcdz612S\n++A6QcmqzVUsjTzvVD/0JM+qZ4LURpGc/EaIrbUuvNMoXVcaf0pUX3hJcUzhDNsBh0OPY0SNypGO\na+GZGAUEjjaiiFlJ1YrSZFndGKCQTjKu+gdZuenXKXFjdyWtyh+F1bH0Pt7HY16v0f8AarLLaG08\nSdON1C6FGmt1GXGMHKnY59iPlXhuMU5ZXslqwAYmMndc7VoMdHLQmHHXqFR1Gjin5GVquqSRTXM/\n4TWtuXJjV8awmTgH3xUTISBk743J5P3pBbtGl053x3qwtVW5dUBJYnA4x9816CMtNlruMKQ3aAFy\nN8NhcDvjO9MrKpBwR8iaHNCIkByCuMaR2pOW8SM7YPyqXzCEW44RsG7hOXyjQiB1Oo77+mCR+tVv\n4wxqqo5wN8570pfX5kIBOQowB6VXPNnk/QV5X4l8QDpLZytCJhAyrtOplc53BpaW9dsnOKq/OJ42\nqJYk81jP1D3iiU8UOE49wT3zXcM5CudGRkA80XpEkNtM01xE0sij92vYH1Ncv7l5pjLKp1ncbYAq\nWtGze4/kiKQdipI9KGz0aUKwZiy59Ad6VcAHZgRVY4KjKmDnscU3FDhAcjUd6XtQXPoPem1ITc5J\nxjbtWp8PEd25JkvolLzKEkn6e9VrMTVtdQ+cnmKeBVYkWoE/pUauNzn+Xg8IGnGUHdjgb0aCAufb\nue1GhhB/MRj0pksgAC4WkRRsGXlC5x4CNGAi4UhQBnekbm4OohdverBGtPw6Fp2aYuQ0ekBdG2CG\nydz8Qxjbbc5wK68RMZRhgVozSl0X3RSmDzZSch35zmh5pmK3DjLyBO4HrQTGRJoUhiTtisl+nlDQ\n8jBVoEKOa+G9M2tsjHVO5VB2Xk1eWvR+nXNtG1v1JYpicNFNCw37AMMg/XFE3RPLN5IF9Lz9EQyV\nnQCO1T1Of4m22rfdb8O2Ft0FJdE0PUEdo5kdCFBAHBPc77dse+2BkXS5HpXanTu0tWeUbo9q/9k=\n'),(9,'địa chỉ nhà của Đức','2025-04-05 13:16:41','2025-04-20 17:00:00','thuongdo0916@gmail.com','Đỗ Văn Thường','$2a$10$aXmecMTydAf6yjn75HcdyeaLqfzKVHBMw0BReLf84Wi0ZYToIupqK','044849646','JOB_SEEKER','2025-05-13 02:39:20','/9j/4AAQSkZJRgABAQAAAQABAAD/4gHYSUNDX1BST0ZJTEUAAQEAAAHIAAAAAAQwAABtbnRyUkdC\nIFhZWiAH4AABAAEAAAAAAABhY3NwAAAAAAAAAAAAAAAAAAAAAAAAAAAAAAAAAAAAAQAA9tYAAQAA\nAADTLQAAAAAAAAAAAAAAAAAAAAAAAAAAAAAAAAAAAAAAAAAAAAAAAAAAAAAAAAAAAAAAAAAAAAlk\nZXNjAAAA8AAAACRyWFlaAAABFAAAABRnWFlaAAABKAAAABRiWFlaAAABPAAAABR3dHB0AAABUAAA\nABRyVFJDAAABZAAAAChnVFJDAAABZAAAAChiVFJDAAABZAAAAChjcHJ0AAABjAAAADxtbHVjAAAA\nAAAAAAEAAAAMZW5VUwAAAAgAAAAcAHMAUgBHAEJYWVogAAAAAAAAb6IAADj1AAADkFhZWiAAAAAA\nAABimQAAt4UAABjaWFlaIAAAAAAAACSgAAAPhAAAts9YWVogAAAAAAAA9tYAAQAAAADTLXBhcmEA\nAAAAAAQAAAACZmYAAPKnAAANWQAAE9AAAApbAAAAAAAAAABtbHVjAAAAAAAAAAEAAAAMZW5VUwAA\nACAAAAAcAEcAbwBvAGcAbABlACAASQBuAGMALgAgADIAMAAxADb/2wBDAAYEBQYFBAYGBQYHBwYI\nChAKCgkJChQODwwQFxQYGBcUFhYaHSUfGhsjHBYWICwgIyYnKSopGR8tMC0oMCUoKSj/2wBDAQcH\nBwoIChMKChMoGhYaKCgoKCgoKCgoKCgoKCgoKCgoKCgoKCgoKCgoKCgoKCgoKCgoKCgoKCgoKCgo\nKCgoKCj/wAARCAIAAfwDASIAAhEBAxEB/8QAHAAAAQUBAQEAAAAAAAAAAAAAAwECBAUGAAcI/8QA\nRxAAAgEDAgQEAwQIBAQEBwEBAQIDAAQRBSESMUFRBhNhcSKBkRQyobEHFSNCUsHR8DNicuEkQ4Lx\nNFOSshYlRGNzotKDwv/EABoBAAIDAQEAAAAAAAAAAAAAAAIDAAEEBQb/xAAxEQACAgEEAQMDAwMF\nAQEBAAAAAQIRAwQSITFBEyJRBTJhFHGhQpGxI4HB0fDhM/H/2gAMAwEAAhEDEQA/ANLXcqktZu16\n0EBU/DxKGYAkdvf0qFKWjJDAhgcEEYIr3UMkZ9M8I4Sj2SbeFbhWQZM/7iKPvf71FJwSMYIOCPWm\n29xJBcRzRHheNgynsQaNqFwtxdzTR8R81uL4uYJ3I+uaFKccleGU4JxvyCRjnfnU20l4ZMnlUFOf\nfIBqzsLMXEEsqzKJYt/KYbsO4P8AKiyzjGNsvFBt8Gz0vUOKJIriTEQ3I77Hb8qwP6Z70XB0mBHD\nookfYjqRj+Yq8sJSZIw24yMjuK0V94L0y4dbiWBH4l+5Jvw57Vxk8Wm1Ecsjr4nPJBpHzljFMYda\n9g8Q/o4t7ti+mSJbyqu0ePhY+vb5V5NcQPDK8bgB0YqRnqK9PpNZj1Kex8oVKDj2RyK6nFT3HyNJ\nwmt2xsEaRsDkHI3x03ppFEIPX60ojJ34Tjudh9TVem0QAa7Bo/k9yuO9TLO2sAqvd3E5JJ/ZQR5Y\n+5OAPkGpc24K2i0rKs7kZ506OGaUcUcTsM4yBkZ960sd1awrizsbKyIxmW8b7RL78JU/+we9Mu9a\ngDqyyXd9IowDO3lRjPMBQS2PZgPQVi/UTcqjD/3+Bm1VbZH03wlqV+/xrHaIeRnbBPsgyx+laM+G\nPDehsP17qEtzKASYkPkrntwjif8ABay8/iHUpIjFFP8AZYSMeXbL5Yx2JG5H+omqcknmeVB+mz5X\n/qT2x+EWpqK4Vnon/wAc6NpClfDWgW0bj7s0q4PvzLH/ANQrN6z4117VeIXF80cTf8uH4FH03PzJ\nrOk4phz707F9OwYncY2/l8sqWWUu2OlkLsWZmYnvQ+Zp1dWq30BYzFdinYrsVRLG4rsU7FdioSxu\nKUCn8PtShfaroqxmNqcFp6jflTuGoQYFyaeFpyp2oipipZQxVPanhewoioc0aOPahKbBomelGSMD\npT0jGKMkZYgKDnsOtST2qxbYxUA5UeKJnbhVSSdgB1r0jQ/0arqenwTm6uLWUgF1miGD/pGc49al\na7o2jeELEeXeIt433pZFEkp/0cgvvzrjz+r4r2Y7bGSwTjHe+ip8M+AnuEW712X7DZjHw/8AMb/+\nfzq6vNc0bSeHTfDemLdXOcKY14zJ7nmfy74qqsNK1bVoWku5pdN0pviLSjMswxthfbG529DmtNoU\nOnafFN9gCQRKMPMxzI5/zOf+1cfUZJZZOc3urwukIlqVGO1e2/7v/oqR4Y1LVT53inU5LWJ9/sVm\n3xkdi3IevP3FEgWx0qc6foFjFbkjBKbyP/qY79O/SqnxF42SOSSLT0VuElfMfcHFYO68R3RvPtAn\nbzu6bY+VbcGhy5FuycLwul/YzOWTL7YKl/LPTLvXLPTpGhuLlGnxuCpPAfU9KxeueMCkXlWD+W4J\nw5AP0G4rF6jqMt5cvPM3HM5LMx2yfaoDOSCOldHFpceNW+X/AAPwfT1HmRJvtQnupmkldmZhhixy\nTUJjSFvpQ3fPKmttnUjFRVIUk0MmuzlgBzobmhDOZhmhkg7Cmsd9zTrckTx8OCeIYBHrQtl+ANzG\n8MzRyoySISrKwwQa0P6PrGw1PxAbbVQDAYJmALEDiCEg7djvVJrd++pard3svCJJ5WkYKMAEnO1R\nbW7ktpHkiYqxRkBH+YYP4ZpcoylHa+GU05RpAC2VB5kiiw3k9vbzwwuyxzgCQA44gDkA+majkgLy\npjgqxVsgg4NFXAe2+GcTmrOW7eDw+lmp/wAeXzW9lGB/fpVbEhkkVFG7HArrmTzJfhJKKOFfYf2a\ntcJsk4qTSfgDk1YaR5MM32u5VXih3VG/ffovt1NR7G1e9u0gixxMTueSgbkn0AyflXXsiNKEgyIY\n9l9e5PvUjXYM3ftQ7Ub6fUrp7m6cvI5yT29BR9I0251C6SG0iMsrnCjp7n0qFawyXNwkECM8jsFV\nQMkk+lbO8u08Lac2l2Eivqky4u7hDny//tqfz9aHdXArNLZFQguSX+tbfwfp8tlpTpcalOoE1yOU\nXXhWsepMpZ5IuJmJJLHc1GLEtlsk0QNt92rjp0+WDixektyW6T7Z9C3V1LccHmtngGAOwqfp9naT\ni0a64sTSNEx4uRwuD/8AtVMzfWrDSopr54LaMBsSGTOccwoP4KKyanHth7eDnQlcueSqYYbGc4PO\njRDBORnII/Cjahata3lxFghUcgA88dPwxUjSYLW4ufJvJWgVxhJMbK3TPpWiWeKx7wXFt0RTliCS\nScDr6Vf6PDExDlN1G54sY/vtUGXSrmLUWtFjLyfulf3xzyO+1bDwdGkUc0Vzbozs2zFckY5g9qw6\nvUwWP2uzRp8LcueCktbY/bmSMAjJIxWj1q6uLS1gVpAEwACR8Xr/ACqouJVtryaSNGQBsKDzG/Wr\neW5i16z+yRjhlK8TFuS46+tYMrcnGcl7TVBVuinyVjalO0KtH8SzPhCvVh+7t1ryDxY1q3iLUHsV\n4YTKdufxbcRHpxZxW78QWWueHIZZbOVZbOVc+aicQU8gTkHhPY/0rzG5Ro2UMRll4hg52rrfScUd\n7yRaa/H/ACLk5LiRHnTgYFTlWGR6elCorDYk9KZivSRm0qBG9c0nEAc4yT607FNK/Oq3y+SHCUqc\nqkee5BP5kj8K7z5sECR1U7kK2AflScIpGXbagbvsqwRUYxgYpDz3ohGBk7UGVwhHEDwnkRvVF9nH\nnSHal44zjD8RIyAnxE/0+dAmhmmyDIY06BTv8+VU2Wl8hiMDJG3tSVU3VvJDjEhcHYDqaZHd3FqC\no4cHmJI1b/3Db5UDyV4DUE+mXGO4/CuwO1Bj1uOWxS3ns4FkQ/DcRZVj3Dj970POjxkSKGRsg1IZ\nN4MltGkeldwmi4712BTAQXCaXHpROH0pRtUINApQN+VOC/KngYqEsYFNPC7Zp4UH3oipyqiA1XbN\nEVM0VEyd6Kq4qAtglTtRkXerfQPD9/rdw0djDlV3eRzwog9TXp/hnwRpGngy3RXULqIgsz7RIfb0\n9RXO1f1LDp+Lt/CCjjcjz3w34R1XXJF+x2zCEneaQcKD59flmvUdH8L6L4RhS4vGW7vujuNlP+Ud\nPernxLrMelaYq20yRyuCEAA6dtsYGe1eSatrF/4i1F7O0kMax/8AiLknIjB227t/fSuG8+o19ub2\nwRM2aGn9uPmXz4Rp9W8e3+o3o07RIvMuxniZTiOMd2J7bfjz5UHTNMsNIlOo6lcDUtSYcZmlOY0J\n/hB6+p322xUG0+xaJYG0sUbOeJ5DuXPLLHr29KrpZFdZL28kMdnGdyBvIx6AdTtz7Y7U2OkilUeF\n/k5eXUzyPl3+S21PxGs12JLqRkt+LcjY4x0HzFY3xTrz8TRW+PK4sLIjfC3oDyJ3qBr2uG+nBgj8\niBQOCIHPCf5mqCeV5AFZmIHIE11sGmWNKX8DcGl3tSmJPcvIcsajO+ac2etDatL5OtBKKpDWNCZy\nK6Rj0oJYmksYhzOSfSmcQztTXY45UEvw1VhJBDJgmrbwlosniLXIdPjkEQdWZpCuQgVSST9Koi1a\n7wXf/qnR/EWojaQ2os4dt+OVsfgFY0nPJxg3HsGbcYtrsyUuA5Gc4PPvUzRrczvdykDyrW2kmc9t\nuFfq7IPnVcWB61dzsNM8JCL/AOr1WQO3+S3jJxn/AFPv/wD5jvVZG1SXbDldJIzjEHODtTDuNuVK\nyngDEEIxKj1I5/yoksA+1+RaSi4ViFVlUjiJxnAO/M/z2pgaaQluTHmbb9nuuRzbp/X5VHY5Yk5y\nTnei3RCkRIcqnNhyY9SPTt7UbS7L7W8ks5MdnbqJJ5Owzsoz+8eQ/oKjklwS/wCpg8GC2Mh2eUFU\nGP3eRPz5fWotGvLn7TOZOAIoAVEHJFAwAKtfCOmQ6hfvcagSul2SefdMOZUckHqxwPYk0M5UgZPb\nFykHuIhofhqPOV1HVVDkdY7fpn1cjPsvrWcHP3NTde1OTWNWuL6bCmRvhRRgIvIKPQAAfKo1uBkS\nMpZEIyOWfShxppc9kxqlul2aOzc+HNKW6HD+tr1D5IwCYIjzf0ZunYDPUVnskksxLMTkk8yaLd3M\nt5cyXFw3E78/TsB6CkjAcIqK3HxYJzz5YGMe/wDSihFrlgxhtTlLsRefvVvp8mkLaqLtbtp8njKE\ncOc9PSoFw72oaBBwzEYd8niGf3fSo3BjamMqtx9AAgnfr1q48MTra6vEzkBGBQntmqNOYOakI3bb\n1oM2PfFxfk4kXUkzY67pivqTXiP8DIHKgZ4uhHqMc6yZGDgjBHzraaeJZtIt5Y5gWjHE2egz6dKy\n+qQmK8diyHzCW+DkDk5FcvST9zxyfRt1eKUIqTVWMF1KYEjJyY2yjZwV9B6Vv/Cl0t9Zeaz/APFL\n+zkPMsBuCflXnC86vPCt5JY6lxhS0LKfNA/h7/LnRa7Tp4m49oXpM23It3RtNQtbbVXSOIOHO5lU\nAAAd8/lWQuYJbK7eMt8S8mQ8x6GtfZFHvLuKCchbhcxso79fz+lU+raXPbrHG44kwSrxj4eL1Pyr\nmabLslsk+GdDLDfHeuyTotzFd6bNZzQmZmRg6MdpBvtvtnc14d4i02XTNVnt5Y/LIbIXsDuPwxXs\nHh+Uw6hAmSqu3C2N+dZH9INrBeDUb6O4y0U+FiZADjqQeuc8vQbV0dBkWm1Lj4kLb34k/KPOUleC\nQPExVh26+9IY/MRpFZcjdk5Ee1KVycmu4R2Nera8mcAwpMUZgBTMVCA8UmKJikIqiBLCNJb63STH\nA0ig5bhGM9T0oN9AqXE0ZCkK5GAwYc+h612Dn0riKHa912XZHSNUBCLgGlKjqKNimkA0RYDyV8wv\n+8RileNX+8Afei8Pek4R3qqKsiNY27HJiX5bUeNFjQLGAFHSi8A9a7gHrVUuyW2MxtSUTgHrShBn\nrVlgwNqcoydxROEU/h9KgIMJT1QZogSiIm9UQEqb0RUO2BRljGfwrY+FvA95qhW4veKys8/ecfG/\n+kH8zWfPqcenjumyGW03T7nULtLeyheaZjsqj8+w9a3Gm+ErKyu1gv1N/e83ijkCRx+7cz68gK2D\nS6f4W08x2VvHArf4ZbJeQjmzcvTG+/pWPuNfSGRjApk4vvSkZI9STvjn07nrg8Kepz6zjGqj/IjN\nqI4lS5ZsZtXt9NsVjsoY4kjUhbeAhVyOZJG/bbn3rLX2u3UMLea4UPytQCgVd8dKyur67cXpTymS\nCIAY5FmwevWs7q+pyzkRK7SXD7F25qO5rTpvpaXumZp5MuodN8FpqGrXmv6iLWGXy4gCWbkI15n5\n/wA6vLRbexs/JtI0CrvgDBc9z6++KzXh6GCOOXjkGBz4uZxuT+X1FLcak0wkt438yEnCkLv7963v\nEr2RXQqePdLZHpFm149zIBK6xQAkvz2Ucz61VeINYOoSJHAGjs4RwxR+vVj6moNzJwW+4Id2JAI5\nD399vlUEvgetGscb3fBqwaeNqXx0Iw7mhtTmk6be9BZqKTs3oR2qPIxPpSyOO9R5Hz1oWx0UKzZ2\noTNims9Ad6SxiQsj8zvQGbPWuc896YcjGRz5VVBxofxVYX16o0u20+HIRGM0pz96Q7fgu3171Vls\nGhPJt1yaF89klG2m/AVSOMcR+HripoE2sakqFlX4eHiP3Y41HP8A0gAfQVVpxMyquSScYHU1d6qy\n6Lp405D/AMdOA92w34BnKxD829cdqpgTbTSXZXalNHLcYtxw26DgjU9u59Tkk+5qdFENM0U3su11\neAx2ynYrFyaT5/dH/V6ULw7p0VzJLd6gSmnWgDzEHBc/uxr/AJm/AAmoWrX8urag9xIoBYhEjQYV\nFAwqqOgAxQSfNEq/avHZ2kWFxqd9Ha2qcU0hwN8AdyT0AHWpviK7t4EXSdNfitIGLSTD/ny9X9hu\nF9Pc1baq6+FdF/VcBVtYvE4r6Qc4EPKEHv3rFDd8DmaBPc+S4++W5/auv+yTY281/dw2tqhknlYI\niKNyTWt8YvBoOmw+G7KQSSIfNvpV5SS42X2X+dSbHyvA2i/a5lDeIr2P9hGR/wCFjP75/wAxzWBl\nlkmleSRi7sckk5JJqcz58AJPLO/6V/LDWkEl1cRwQLxSSHhUev8AKpV+8SutvbnMUWRxfxt1b8Bj\n0Aqcsf6l0ZJT8Ooagh4R1igPX0L8v9IPeqUEY5/Omx5HR5droIoZ2VVBLMcCtZFbQ+HbQXUrI9+6\n5jUHcZ5HcA9PQjfuKufCtvoeg6Ib+/8A+Jv3TiU8HEIs7AYO2d2GTzI25b4jULqS+vJLiXm7FsZy\nBntRKXLRneR5pOMVUV5+QMkrzSvNM7SSOxZmc5JJ6mnJBJKvEkZZeWcGnWsDXMyxoQo5sx5KOpNT\nHvjEQltwJEowAD+J9Tz+dEopjJNxdI9ljbscijrnY78PLltUGNz9anx3My2/kCQ+QzcfBzHF3o8i\nl/ScVI13hhJGsSyg+WWKls7A4z8qqtXgkNy0oy4PcliPemWOqXFrZvbwt+xl3bi6HHSlgnBIaQnk\nd+eDjb+VcqOKePJLIzRkyLJGMWQ057b1O0y4FvfRSkkKp+LHUdRQr6AQ3GMAAjiGOXyoacwcEitU\nkssK+TOrhK/g2VvLHbalKlvMDEV8xCOQ2zjP4VoLON7rTrqMoShX4eI/vb/7VidIDT3UQV/2i7qG\nOx9PSt1pd04tZUKhWjJ+EmvPavHsquzr6SSk38Hn6JqNvdT3EckUX2U8TGQ7p8udZrx9qUGpx2X2\nRURYkwwXHxMdyR29jWs8UWRuZWnhjQyAEsuMcY/rXmM0DJIyupUgkYPSux9PwrLNZJPlC5PanBdF\nf5dO8qp0UPEdhmp4smxuuNq78sqTpsWoWZ54SOlAZDnlWgmtSOlV08ODiijkTKkqKwjekxUgrih+\n9GDQI0mKJikIqFA8UhHaiYNJjuKhYzFcFFE4a4LUKsHw0vDROCnKudqolggPSlC78qOEA96UL161\nCWDWMEU/gHSiBaIib8qpsHcDCVb6Z4fv7+LzoYCsGcedJhEz2yefyzV14f0e1tRHe60uVK8cVucj\njHPibHIbcutTfFfjJLdFVOGCOMcMYCgED/KMbfhXLyavJOezAv8Ad9CJ6mEfauZfCLDSdDtvDsCX\nTxQ3V7z8y6cRxQ7c1B3Y57gdeVZzW/FV7d3YQ6hAzHHxhiiLjPI8I/sVjNU8Y/aXLN5rDkOM5wKq\nI9TWc/A3D1ocOhTnvyyuRbjnyL3Kkai51y6uZC08rzsQAGkYnHtUG51GV1xxYjPTvT9Js5L2yvru\n2ii+z2MYlleZyMknZR3Pp+NR72wki0W31Fn+CeRo1XiGwH9nb0rdjnhUti/YF4FackQbi/Mau7H0\nH9KZYRv95+Jp5Ty5n2qviP2u6yf8KPl1BNX+kzfZpvtj8rchk2yDJzUfXf2U0yU7TkvBpcFBUuyb\nr/Hp0n6rUgmEASkfx4yw+RJFR7ARLY39xJhjDEFTO3xscfln+xUIpNcR3F/NlwJMO56s24/JvpUM\n5d8euTQJPZV8+RccSkmuiVLKZOHi24QFA9B/eaCx54O1DY/EaY7bYq2aIxpDnbAqHNMwOBvRblZI\ndpFZDgHDDBwdwaiKHllVEUu7HCgDOTS2x0EuxWkyuTsajPJk86uPE2m/qe5gtHwbgQq82/J2ycfI\nYqjpW+1YzG1JbkFjR5n4YwWOMn0A3J9gN6is5PcelaPVFTQdISzz/wDM71Q1yP8Ayouax+55n5Cs\n3CrzSrHEpeR2woHMk0tTUugoS3W/BK0nT5tUvo7a3GWbdieSgcyfTFdrbWy3zxWjccMXwK/8eOv9\n+9WN7qMejac+m6cwa6l2vLkHP/8Amh3+EdT1OelZpC00qxRBmkY4AG5Jq9z6KgpTlufSJdlbSX1y\nIo2VBgs8jfdRRzY+gqPP5YndYCTEDhS3M+tTb67itLNrCxdZC+Dczqfvkb8K/wCUHf1O/QVK0DTr\naG0OrawSLJDiKEbNcOOg7L3PyoGwnPatz/sTtGt00HShrl+qm5kBWxgcbseRk9h07n2rOW0Fzq+p\npFFmS5nfmT1PUnsOfypdc1i41m/NxcYA2WONNlRRyUDoAKliVdHsXhiYHULlOGZh/wAqP+AHuevp\nt3qknVsGMZR90vuf8BPEF9CscOl6e4NjakkuBjzpDzc/Tb0qVoccei2K63eorTklbCFh99x/zD/l\nX8T7GoOiabDcQyahqjMmnQnBwcNO/wD5a+vc9B8qha1qk2qX7TygIoASOJfuxoOSqOgH9e9A47nR\nFC/Yv9yNeTyXM8k0zs88jFmLHOSavtCNpotuuq30azXLZ+yWzDYnG0jjsOg6n0rOJjOWGfSkubiS\n4kJkPE3In0pk0krHOFrZ4D6pqFzqV7Lc3UrSzSHiZjU/w5YQzzveajtp9oPMl7yH92MerfgMnpVZ\nY2xuJ1jQhc82Y4CjqSas9RvFeCKyshiyh3GRgyOebn16ewFAoNoqapKEQOrX02p6hPeTYMkpyFHJ\nR0A9AMD5UK1CCXikXjABwucZPT8aZGgdSWIAzgjr/f8AvRo8xsrIxWQZ3BwRTIraF1HaiXPfSz26\nROBkNktvkjGADvyG/wBTUdQWYKoLMdgAMk03OBWgggGjaet3cDGozrm3iPONDsZG6g/w/XtUchUm\noKkR74RWNstjEwaY73TjcZ6ID2X8T8jVeFbHwpxDvTrSCS8uo4IctJIeEZ79/Qda0f67fTP+E0e7\ntYbWPbikj4mlbq59+g7AVT4KeyHGRWz0/UtLn06dVcrJC4zFPGcpIvcHlQBsAetYvw74n1HQUaGB\nkuLB/wDEtLgccZ9R1U+oIrU2fjLw3JGTf6ZqVtJ0W3mWRT/6gCPxpLzZsfGSN/lGKenTdwZbwPkZ\nxUmNypyMdsGqW18d6DHqttHBpDfYXcJNLdTFpFU8yFHwg/Or/VbOTT714JOXNGHJ1PJh70Ec++Wy\nUatWJyYJQjuJEbpPAsUhwFOzY3FFtrZ3kKJjj5j1qshbcbmrnTV4pA5GeHmM86LLH04tpgQqT5Cz\nW0toIphjhbdHBzg/yNXljrInUrdqvFj4nXbb17nPaqW/jEZCBjwn4uHtQIhggEViliWaKcux6m8c\nvaay7tVb40cAEd+dZHxB4Zk1CTzrXAlH3gRgH6dat7G9lgVkdeOM746j2q285JtMlSHhLkHKnnSI\nTy6aVxNUZRyIwHgzTY5NTkF7CpigyXVh1G1bKZYbvhFxEnlrjCqo2HpVbEFgMnlqFMmOLAqchMqK\nrYGDtTNRKWSXqMSszSpFgNE8OXMMgeEAzAKdyGQgcx2+W1eW+JNEm0u7eKUKy5PA6nPEOhr0GWVr\nckKwZeYZTuas9V0G31nSrTOQVwxlTnjrtStPqZ6Sacm3FmiMvXVVTR4NPDg8qjGItnhUmva9T8B6\nXPCYrXzYbjGUckkH36flXmWueHb7SUeS5QCJJTDxAjn/AL16HS/U8OodJ0/yKyYnAzhXpik4D6Ud\n1pmK6QgFw713D7UTh3peHNQFsGF704qDT+Gl4aoqweKcFp4WiBM46VCgYX0pwQdqIAAN+lWGmaXP\nfzeXAhIH3mPJfehnkUFbBlJRVsgwW7zSqkSM8jHCqoySfQVp4NNt9A8mXVYPtN++GS0zhUB5Fz1P\noKu7Cxt9FgJiIE7DedgC3LfhFZ7xV4tDKYbdTI//AJhwST+XyFcjLmyaqeyH2nP/AFryNxxK2D8S\n+JDCDc3KKZCSEgkGc8u2MY+fPuBXlmp309/dtNKS0jnAA39gBUrUhc3kzSvnJ9Ofaq1oJo3DAkMD\nkHOCDWpYFhXtR09HpscFuk/cyQdB1BXlkv7Oe2toAGmd0K8IzyBPNjyA7moNmpVS2Pibljf6VLur\nvUL9VS+vLq4jQ5Cyys4H1O1NtHa3uFlThLr9zO4U96mKM7bkdCUmo/k2l0V0jwwNOkiia9unWVyv\n34wP4sjIPIYHY+lZfUbuUWaWcbFi2wGdhvzqNd3p4nkdyzsSck7kmutInLedJnzW6Y+6KPHFRTS7\nfbM0YbVcidpOnz3MkNpZRtLO5wqKN2PepeqKILgWMbLJ5LYZ03DydcHqByHtnrWxWBfBXhP7VN8G\nvapGUhz963hI+JvQ4+fL1qt8D6XFDFL4j1YYsLM8USnbz5f3QO4z+OKy/qlzKP2rhflick6uTGeK\nYF0fSNL0nlc8Ju7sDo7ABVPsoP1qrg0500GbVJABG0ot4uLPxNjJI6bY/H0pHkvfEmvsOHzLu8l6\ndMn8gPwFWv6SryC1ksdAsGBt9Ojw5U/elbnn1/mTQwcoOMH2+WAm21Hy+zJPJ8WauvBNkupeIYFn\niWW1hzLMGOFCgdfTONqzRf3JrR6tqsGl6Kmj6U4MzjN7Op++3VQew5bdq15m62rtjs26tkO3x+wP\n9IGtx614gmmtgPs8SiGMgY4lXO/1J+WKs/A2n2+madP4o1nH2e3ytrGTvJJyyPyHzPSslo1iNRvR\nHLL5Nsg8yeX/AMtBzb33wB1OKk+MvEn65uYre2Q2+lWgCW0AOMAbZOOtZpxaSxx68lvE1FYY/wC7\nK3VtSm1PUJ726PFLMxY45DsPlyo2ltHYx/rS7RZFjP8Aw8TbiWQY3PdVzk9zgdTiBYxRzMZbpjFa\nR/4jjmeyr3Y42+p2qPquoG+uQ4QRwoojiiHKNByHr6nqSTRPhbUa1GkoR6Q29vJr27lublzJNKxd\n3J5k0kV49sjiHCyOOHzOoHUDt/frUJpd9qGXJPpVddD1BVt8D3ck9zTkkMaNwn4mGCfTtQs496Ti\nqkHSJlg1stwkl6rPCpz5anBk9M9Pel1XUptRmV5SAiDhjjXZY16ADtUBjk5pAcb0VJ9AuKvcyZaO\nLbEzAGUD9mp3x/mPt0qTp1qLyWSe6lMdrGQ00h5nPQDqx/3qvjXjOWbCj7zc8f70S5ummjSIfBCm\neFBy9/f1ouK56KabfBN1jUnvpYljj8iyiHDBADkKvf1Pc9TVa2B2pvFjJoRcu23KltpdBQioqh7v\nxfCufWuVcAAZpF+HlT03z60CVu2Ew8bskbRhiqP97HXHKnL3xjNDG7ADrtk8qNHGzwGUAeWhCnLA\nEZBIwM56HlTbKHxE8LYYZxjBxuPT8PWnDHYCmxuVX4SVIOQwJBHOj2qqZcyAtEpy+DjPpVpWDJ1y\nW+k29vZWy6pqSCRMkWtu3/OcbZP+QZ37nbvVfe3U19cvcXUjSTOcsx60l5dy3tyZJMAABUVdgijk\noHQUltwCYPIoZV34f4j2/v19KWo27FKLXul2TYT9hsGA/wDFXKYbukZ6ehbY+3vUTyg2+29Pdmnl\nLOSzsck96eIxjnTUibYy5ydlvQ2iDEnPOiVwrU0Z7oD5BxhT9a9A8OfpDurLRI9J1jTYNTtoVCQv\nI5R416DIBJA27GsNTqzZ9LjzpKS6CU2j2SwFjrEH2jQ72KUY4pLaZ1SaLvkHAI9RUqBpbV8MNxg7\nbg/PlXiSDfrW98LeNotO0yPTtU09Lq3RmZZY24JQScnfkaw5cGXGuPcvjz/9EPDGT9vH+DfPcfaO\nEvgFRjPcVIiiUHiI+WedUdn4g8M3ZXytVezY847uI7f9S5H41oNOey1CE/qrVbG9mAz5Mb/GR6Kd\n6508qgqpr9zVpMcVPdlVoJlV7UiuI2yNjz9agzylCQ+QRzBGKAtywx3HLNaFjclaMuaa3tpUWE8y\nBiwIzz271I02W2uJ0iuWaIs2FcHI9MjpVNLNxyFu5zgUNH5Mp9at4t0aumZt9O6s2lxpNuJltpZu\nCVvuMACD6YrlhutHVW84SW7bkcsH1qks7tmtAC7ZiPwDf5mtHFqjXOmSHhjebHCUO2fWuVkjkjw+\nUbsU4Tba4fgg6lc3awxXCXKMV+95bEDP8/pRoYpNd0me0vkWWGeMiOVQDwnsex5VSTJKwBYPhjgM\nQcE+9W/hySS1vjHKWRTsysCcsKk4qELj2uSY8jlkSl0+DxrXtEu9GvWtrpGV+a5A+Jc7HbNU7DqO\nVe8+O5rHUdDu4DbNNdBcwMicTZ6EEcvavEZosFh69q9P9L1s9TD3qmv5F58axy9rtELGaXho3l+1\ncI/UV1TPYML2FKFxz2onARTwvqKqygQUdBRFTNPCgVo9G0RMLc6n8EPNYznLe/8Af4UrNmjiVyE5\nc0MSuTO8K+GX1RmuLpmisU5uObHsP61bajq9lpMXkWcYTH3FA+92/wC5qLrHihPI+y2YVIlYR8bE\nKinsO+2/48qxk2tJ5p+yJJcTkfFIw3z+dcyEJ6iW7J14Rz8kp6rivb/ksNSubvUA73Ugt4yD+zG7\nN79vn3qr1HU7C0Ro44IYxtz+OQ4zzY5PyGB6VAu5rub4ppjHGRskZG49/wClVFxJbxkhI0z3f4j+\nO34VvWCK7NenwbVtX8B7vxEpJEKKMbcQTLfNjk1Uy6i8nRm96dLdFubfLkKiSzgHf4m7czR9dHUx\nYIx8CvJJJ0AFBa4CNwx/G5+ddwSzZLfs17HnRYokjxwjJJ9yaW7fQ/2o63hCuJJWLSHlj92vRfB2\nnWejWSeJPEC5jU5sbTbiuXHJsfwg43/s4zTZra1laW7hNwy/ciOycX+frj0HP0q8llE8yX/iqZpp\nAOGOwXAYjoCBtGvpzPas2outi4T7+WIzTa5Lmzs7jxffXfiLxLMLXSVJMkucZA5RoP7zv1NVvibX\nZvEmoW2naRbvHYQnyrS2QHLdMt6/33pxOueNZ44oYlttMhGI1A4IIFHr1P40e78SaV4Ot3svDQjv\ndTIKzaiyghT1Ef8AeNutYlcWqVtdLwjLFuUvl/HwWM32X9HmmZkZLjxRcxfCmeJbZT1Pr+fTbOfM\n5p3mkeWVyzuxZmO5JPegXV3NeXMlxdyvLNIeNnc7sT1p0rJaLmcB5WHwx52Ud29fT036Vv0+L0lu\nk7bNuPFstvtgpJz5m2QRT7G3lvLuO3tl4pHPLIAA6knkABuSeQ3qErtLIAd3O399qmz38VnZyWti\nSZJPhmmH73oP8vL3xk9KZOXlGh8ddkzW9Qtobf8AVuluWtF4WmlI3nkA578lBzwj5nes88nEdzgD\nrQ3Y8yd/Whc9yazrhUHCFIfJI0gAyeBc4GeXrQ3kxsKa7Y2FDzj1qmxiQ8cs5rs0zODXA5NQIdmu\nJ29KaTgU/JhPxDL9AenvVpWQY4KYztncA0inLfnTWJLEsck7kmn0XHgg9n4gByA6DlTSwApjNgbU\nxVaRt9lqnJkodkynsKedhilyFwBzNKiF2AQFmPIAZNBX9yHLz35UYKCrZfhx/f8AftTEOCDgEdjy\np8amR1RSMscbnA5d6JcEYvTHSncYbhwqgqMZGd9/XbsNu1CJ4jtXceCAMb0LfJRJU5PLnRTIeAIN\ngPxoAbC4696JFuwo93gFhVBI260ZF4BgU1BR0TvuatAthbUtG6yRnhcHII5ipsNjJMnGqSNvgleW\naBGuANq9v8KkWPhzT0t47cCSFZW413LMMkmqyycYqkKlKjyEikFcD3rq30IHUo500U4VVEHg4NOz\nQwKeARUplDqRWeKRZIZHSRTlWU4IPvSoGJwBXULgn2i02manTv0ha7aII737NqcQ2xdx8T4/1ghv\nqTVqP0mWXCfM8NR8Z54vXxn2xXn7qCO1Ddcr8YB7MeYFZJaDFdpV+zaGepfEuTX6l+kvVri2EGmQ\n2ulxBs8duC0jehdsnHsBWr0HxZYa3aRi88u01EYDso/ZSHvgbr8gR7V5B5e/OlTiUgqSD3BrO/ps\nF9vDKyLfGj6Htra8iy0KeZG3w5T4wc+1GS6MK/COFlPXPMV4ho3ijWNIcGyvZFTrG/xqfcGtla/p\nQZrQpqWiWlxc4wJo5DD9QM/nWXLpsyfMdy/Bm/Tv+iVHqVt4hbyDDdLliMLIAPhPt1p2ma46SrBf\nlJEc7TAYK5615OP0h2piPFozrLjml3lSfYp/OltP0pQWzo76S7cJzguGB/Cs0tDabUGFF54yjbuj\n0PxbqNzoly7wbvIw4Tw/D33FeZ3rG6uJZXVUeRixCjAzVvffpa0/WLiBL/SFWyH31b4nB7gjGKO2\ns+BbsAx3V1antv8ATcGtOjb0yW/G7+UTO3uddGZaLGxU+hoTR4NWN5rGhJN5dtd3E6nkwjUD/wB2\n9SobnQDEkk95cKW5hYhke+5rsLVUrp/2MTypdlMkLP8AcUtjc46VI0/Tri/uBFbRF26nGy+56V6J\no3h/RTNHMsj3QI4uEsAD6kc6truKKGNYrWzlkAcKIYV4QR37Y+lc/N9WUXthHn8gyy3H2cmKttIt\n9KkHmL9rvh91V+4h9zzNUusXc13cC3WQM7Z4olJYKB/Fj8vxrf8AiXRJ/Lk1W8m+xwRDJiiHEx/E\nAH615tqGv2FqXWzidhj/AJZC5x3Y8WfkFHYnnSNPnln9y5ZjyafJ6l5OX4ImpW9gkoaa5xwrgxqM\nkH0CgD8eLuKo72+jjDfY4nKKSOLg5b7cuW1Mu9efJ8i2tYM75EYYn5txH6YqnvNSvLo/t7iaUDkG\nckD6118UciSUjoYMDf3A7m4upSSEdVO2W2/HlUJ0lJ+J0B9Tn8s1KtbK8vpQlrDJMx6IpbH0q8tf\nCckSiXV7y1sI8fdduOT/ANAo55Yx7Zr9SGFVaMt5QP3nJ9BtU3TtJurxitlaSSEc2VSce5/rWqTW\nfDOkqV0jSX1S6Uf+Juz+zB78P9cVRaz4m1PUgEurny4OltbARxgew/3pKnkk/bGl+SvWyZftVfuR\nb21jtCFkuEebqiHix7kbfQmopLRkrxeUepOQSPzpYZZpGEdrHh2OwVSXPoDufpV9p2gWlmVuPE96\nLOPOfsqfFPJ6YH3fnTZZFFe4ty2K5O3/ACVOj2N/qF2I9KgkkmA5oPuj1PT3rXDQ9E8LJ9o8UXIv\nL4DIsYCcZ9f98D3qNffpAisLD7B4V05bJDt5pwzn15c/Uk155d3Ms87yXEjSSMcszHJJ9ayN5Mnf\nCFQxZc8rl7Y/yzT+JvG19rEX2S3VLLTE2S2gHCuP83f8qy3Hn3FC4qG8nQbUyMYwXB0MWGONVFEh\nbh4pFkicrIpyrDmD6UJ5BjLHJO+TzNRjITnFMJxuT8qreOUEG8w4JBwKGZf4QTTC2efKmM4UUDkE\nooIW6kihNITstCZix7L+dIO3SluVh0FB9aUECkxTc1dkocTk12d6YTtTlIA2+93NEuSC8XDjv+VJ\nkliTuTXEZPpSnC+lF2Udtg5pM74HzppJY/DsO9OxzAqJ2QRBvvk+tEYhVpFGKYMuckbDlUZA0Qw3\nFIvF6A4oqgKeJicb8PDjIPTNDgfhkVgqtjow2NFduJ2bAUEk4HSrSVEB9MUm2d847DrTiGYcQU8G\ncBsbE9vxFLjA3+VC1ZYjbLv16d6dGmN2G/5U5V5ludPFSgbFCkkVKjUADvQo1OM4qVGuBlulEkBI\nfGu4qTEuTmmRjIG25qTGuOQ27CmRXIBrvBng251vy76fgTTkkw+SQ0gHML+WTXrPlFQFjiKoBhQo\n2xQvC/BpngbSvOgeJ5ISBGRg8WSST7860+gWMV3pqTOvxMTXJy6mXM/F0ZckrfB8w5zXA4oYO9PB\nzXoCwit35U/IPWhUoq0ymgvCM0tMB2pQwq7BoIDkelJypvtXE5qywjYC5QEjqSOVDxmlHfrXUJYn\nCM13COdd1rsVVFoQ12aWuqqC3Dc5pKXFIQSaqik6BuAaE3oKOy0NhjbFSgwPuKLHNKg+CRlHYGkK\n007VfQLin2Xem+KdU090MUxYKRgNW80H9KjECPVIjxchJFkYryYmuD8Jz1pGTTY8yqaMuTRwfMVT\n/B7T4q8TvqWkI2nXrF1bClmPF7DcDPTccuteX3GrzPfrPfILkqd4pMhdumAeVVQvZljMYc+Wea9K\nBPOz4J3Peiw6bHhi1ATh0kot73f58l1r2uJqphBs7aCOIEAQxqrHPcgD8vrVU93KqeWjMqg5CtuA\nfblUMsOew9aHxHkB+NMjBRVLo1wxJKkizk1nUHi8o3kwiH7itgfQbVE8yIHilzM/8OTj5nr7fjQE\nUu2Cyr3zsBUsNYW4yxe6kxyGUT/+j+FU6XCQbjCPj+x0EV5qUywWlvJLn7sUKZA+Qq6s9C0/T14/\nEmpLE43+yWmJZj6Mfur8zTdMg8Q6xA8Ok2skVm33hCvlRf8AU3X5k02+0Cw0iB31XWIHn/dtLLEr\n59W+6v41kyZG3tcq/bsS537Lr9uzr7xUtvA9v4ds49NhIwZgeOdx6yHcfLFUcFjdXSGdyEiJ3nnf\nhX6ncn2yajfbkhP/AAlugYNlXl+Nh8jt+FJFDqGtXBAE1w6j4mYnCj1J5CiUYw6HwhtXHH5DTjT7\nYcPnS3kuN/LHlxqfc5LD5LVQ7gtkgDPQVdtpunWQLalqSyP/AOVZjzDnsWOFHyzVTf3VvJ8FnbCC\nIfvM5eRh6k7fQCpu8DsdPrkiPIAcDf0FCYHO9OJA5UxiT7Uto0ClsCh53rhnn1prsFGapss53wOd\nAxk5PKlb4jk0tLfPIVHU7NNpRvURKHFuwzXDfnt7d6RRg7fWnn1o1SfJQgGTnl6U6kNBdznC1HLy\nwgzMFHrTB8e7cqWNOM5cgCnYBOByH40UV5YLOHZfnRAAOVNAxnFKzb4X60a65BEYcW37nUetJnoB\nSkhRzFImQxxjPU1TIEjGBzpwHGdjgelNGWOF2HU0ZcBdhV0SxMcK7bdgKco6nnXIu/EedEAzUSIN\nAp6rxEY5UgXO3WjhfLTaoU2OjXL4HTepQHEwGdutMt04Y8sPibnUmGPYA9edWhbCQrkjbPat54Rs\nooNR083AXLzoX4uQHENvas9penM0qPIoEYHEN+fatLCCGXv3rR6Vwa/BlzZekj1jxO8tzfxwKpkM\najZRnc/7YqTYWzW1qkTTbjp29KXw5azRaPHczlmmuF2Zj8RGKJOnDKQedeahJpbI9IlRh7snbPmM\nEU5edStT0mewbJBeE8nH86gq1epsikpK0Hpc70JWPWncVXZKYWupgYmn52BxsTjNQocKXNNDb0tS\niDgaXNMziu4qm0ofXU3irvMFElRY6upvGK7iHeoQU03NdkVxqyCGmtSmmtVONl2JQpBvRCwA50J2\nzQuIaGGgs2/OnvQiRQsJHEimMxA23qZp2n3GoymO0j4yo4nOQFUdyTsB6mnXENranh877U45+Vsg\n+Z3b5Ae9DuV0inkUXRXV2N8AVpdE8KahrP7YRx2dmOc0uQo9s7n8qtpZfDXhiZlgi/WmoxnHmTY8\nlW9ANj+PvS5ZkvbHlmeWrgpbYLc/hf8AJm9L8OX+oW5uuAW9kg+K5nPBGo/n8hRoNT0jRifsdoup\n3aH/AB7nIiH+mPr7k/KoniXxJe6/N/xs58lPuQrsiew/nUbStE1DVAXjhH2dN3nlYJGo7ljtSXum\nrydF1KSvM6Xx/wC7H6t4l1XUxi7vZfK6QxngjH/SMCqRmLnuT36ip2pRWFoDFDcG9mAw0iArGvt1\nY+uwqqds5q47UvaacUUl7VQeCVIXJkjWXHJSSB88c6S81C4uV4JJCIgciJPhQH0UYA+lRSwJ3prH\nnjlVN2O2/IhbOTvn3phYUsiMnCWBHEMjPUd/amHnjeqYaF4hSqpcMVHwjm3QUSK3wqyXHFHAxxnG\n526Cm3E/mgJGvlwryQfme59ar9yX8AWbHLf1oR39aexAG9dwcKqz8juF6n/aha3FoHwnGTsKaTvs\nKIxLYz05YpMYFC14QY3G4zThsfSuAzvTsZqbSrO58qdSAY5VxOKJRKGSMQDiuiTHxN9KeI/iyw3H\nSiVajzbJY2u6+tdgZ51x2HvRgnE4xjc0oHCN/ma5RjJNJgyH0obINGXbIG3SjfdUADelC8IzRYVJ\nJYjc9O1Eoks5E4Fxz709VJxtTwnflRABRVRVjQu3Klxt7URV706NONs9BUoq6EhhzvTwvmTBR91T\nk0Z/2ceQN+lHtIvKiLEZY71TQLZzAcQXtvUu3iJIAySdqDbR8ZLnvtV/oNqHmaZhsmy+9NhF9ipy\n2otrGDyYUQnLY3J71caakRu4BcNiEyLxnnhcjP4VAVcYqysLWa6nSK2jd5G5KoyabnaWN26MEbcu\nD3XUCvlQeTGFjWMcIHLlyoUNkpjBlPCx3xtyqTYp/wAPbrc/4kcajGeuKHdxXEsxaMwhcYAbn+Ve\nJU3DhM6zgsvLR4cERlKyIGVuYNU2oeGLScl7WQwOf3cZXNWpkwKbx75zXudrZ52EpQ+1mNuPD2ow\nt+zjWZe8bfyNQJrS6t954JY/9SEV6HG+GzUsXpKlWVTnlVSi10bsepTi9/Z5YJOmRSh8c69PWK3n\nz50ELZ7oDTRomlSfesocnsMflQttFfqovtHmnmjuK4y4r01fDek5ybNPmT/Wjw6PpsZ+CygHugNB\n6oXrw+DyxJSxwBk9qlRWd9P/AIFncSf6YmP5CvXba2t4QBHDEn+lQKsrVgCAPpSp6lx6RPWXhHjt\nv4a124H7PTLj/qAX88VYQ+A/EUu5s0jHdpk/kTXs0BBUenMCjZ/hrJLW5L4L9Xjo8hg/Rnr87BVa\nyUn+KUj+VSB+izxATwrLYM3pKx//AOa9Y88RLxGomo+I5NPs38kKs7cm5kegpP6rVSdQZky/U8OO\nWx9nkus+ANX0byxeT2AZzsqysTj24eVUbaJeLyaE/wDUf5ithqF7LdzvLNI0jtzZjk1XSN612dND\nIo/6jtmd67JJ2lSMxPp19GQPs7P/APiIf8ASagzs8LFJonjf+Fhg/jW3haGzcXc7YVPjydsfLqf6\n1mdU8U6jezufNUQHZYSgZVHbBB3opSadI16bUzztpR4RUNMAcFTmhNJmlurhp2VmjhQgYJjjCZ9w\nNqjludDub7OkkFXif7oJ/lSOoX94Fuw/rQS2RScQGeZNQvon2UV5dJJBbGQw/fkAOEGBszdB6E/K\nrOCfS9HYHI1K9UjBA/ZJzzjPPpv7+9UJnlaFYjIwjByEBwAfbvSAEj4QB70HpuTE5Iepe58FrrHi\nPUdSBSedo4SAvloSE29KrrSyuL6by7dGkbr2A7knYCgtJGo2y599qR76d4fJEhWH+BNgfcdatxUe\nEDDFsVY1RpEXRNBANwyarfjlGjfsEPqebfKqXW/EN9qxCTyCK3X7kEXwoo9qqmOM70MsnNuLPYD+\ndK9PyMhgjF7pcsE/PemEdjvRCM1K0zS7rUp/JtIuMgZZjsqDux6CqaNTkoq2QEjd2CRqzuTgBRkk\n1Z3NgNJQG+Ae9O62/wD5Y7v6/wCX69qmzXNvoUjJpkouLwZVrnGUQ7Z8vPXn8X0qltrS51O+WG2j\nkmuJDsqjJPrS26Yv1N3ufCI8jyzSFmLPI575zV7a6RDpVqt/rQbibeC15M/q3YVd3GmWPg20WfUG\niu9Xf7luDxLDkc29f79axerX9xqd7Lc3cnFI5Jz0HoB0qrskZvN9nEfn5/YZqt/LqN200oC42VV2\nCjoBUQnA2p8UTyOEjVnc8goyakBoraKVAPMuDsHByqjrjuf96iTfI9JRVJDGiWAftiDPnaMjkO5/\npUZstuTk9TTjktzyTToyU3G56HtUfwX0M4CMZ59qRuVEO2K4Aqd8Z9KlEsYFIPp2607FKAByp2Ki\nRLGqueXPtRDGIvvffzyH7tOC8OeXpTG501bUvyUJzpK7nShTw5oFbZBM4z2poOdyPauIJOd8UjZ5\nLzqmyCMSxwNjRUUqfSlijAG+5pwHG2B93rVeSNjowZDn90d+pqUoAG9IqgDYcqRQXbI5dKYuALDL\nvtnOOVFCiljjwo709hw7DmaIpvkHw8bcAHue1S0QKMdq63i4Rnr1zReAyNjkvX1q6rkpsHDEZXDn\n7gO3rRpcuwjXbJ39BRjiJNuXanW0WMs27N1qqtgt+QkEJLJHEpLHYDvWus7M2lsqYJA5nl8VaHwf\n4BvHs0up4XF3OOKOMjHCvc57/wBK1tx4EvoLRHVI5RjLhWzw/wBaU/qGCDrcZskJz6RiNG0ufU5/\nLgjd+HBbhUnrXs/hTQotFsQPLUXL7u2xI9M0Lwfp6aVYMnlhZCeJ2xkt2FWEV3K1wxuDwRKCeH8q\n4mu1s9S3CP2r+R+DFHHUpdhb+54MxxA+aRknsK62njSBA4VnxkniHOqq7vJH8w4KcR+HPPFUMzHz\nDvSMWl3x+CZs1S45PNjSAU6kzjnXtziHZpynNNJzXDnUIGUEbg1KgkwRmoudhT42xS5LghaJJn1N\nOQ5POocTDvUqJhxYrJKNDIk2EEjbfFWflJHbQyrKGZ88SYIKYNV0A6g56VJCsdhWOat9hOSiuSda\nyEYJ3zUuebyYwzD733fUd6rYMxoOLBbsajXV1w7g5J71n9NylwcXU/Vdt48XL+Qt3eYBZ2xjf2rI\n6vftPKQNl54rtX1LhJUOCeu/Xt7VRmbjyS31rr6XTJe5mbTaWTfqz7YV3z1roULscjdRxf3+dB41\n67HtigajeJY2hnUkyHKqCeZ71tlwjo7JS9q7ZT+J70teNbxMQi7lfy/CqAk45U+5naaRmkYFjucb\nVHLCskmmz0Onw+jBRHlSRnKgepxQienOnokkp4Y0Z2PRQTTmtXUHzikYHMM2/wBBk1a56Q5tLtgC\naVEZyQg/v3peKFCSOKQ9MnA/D+tMkldxgkBf4QMCq67J+UOdkQY4uJ+uOQPv1oTuzDc7dhyph2pp\nbFRyvotL5FOT1xTWbhpWUqMuQo7cz/fvQic8tqHrkIUkn1Ndt1FJypT8JGef8J/nVWSyXaWYkQXF\nzIIbYHn+857KOp9eQqRf605tDY6cv2Wy/eRT8Unqx6/lVdPNJcNxysWIGB2A7AdBV54T8M3GvTNI\nR5dpDkyTHYDbYDPX8qBsTllDGt+R8Ir/AA7oF7r14YbUARru8z/dQe9bfUL7TvA9k9lpfBNqrj9p\ncFd1/vtQPEfi220q1Gk+GlRI41KNMnI98evrXnL8csvEMu5PuSaXt3ciIQyauW7J7YeF5f7nXdzN\neXDz3ErSSyHLMxyTRtM0u51OYpbJxcILMxIVVAGdydhWi0nw3HalL3xD/wAPZ44wmfikIIwvcZFV\n+sa2Lnis9OiW1sARiMYy2wGWIAz3qbaNiyqXsxrrz4I97JBpjS22nXAuOLZphGFIIzspOTj12NVC\nqZHCjmfaixwSOpfhIjHNunrT2AA4QFwv7w60Wx1bGR447BMiovCrcT9Wxt8qaqlmCqGJJwABkmjx\nwPKcRIW6kjoMZ/lUy4WCxj8uFkmuWUh3G6puOXrt/wB81ezj4Re6nXkgyQiAYlwZSAQAc8IPegYp\n/DxHJOSedOC46VFFy6LsYqEkDvUgBEXnxMfTlXIE/ebC9TjOKSUjJCuWA+7kY27+ntV1sKbsVlj8\nlm8w+ZxABOE8t8nP0+tRyDT87Vy4J5Z223pfYQzB74pMFsgcqPNIJHZgiR5xsmwHtQWPRB/tUfBB\nhJ5DnTkUDnzpVXcU5h055oSWNJJOF51LgiAHbFJbw43PXmaK4y3AnP8AKjS8sBuxoBduEcutS4o+\nEbilhiCgDFSOEKM0aj5BbGNhVz9KfBE2eJuZ/CuijMjcRHsKmogAFGlfINjQuNqMqgDNcuAPXPOn\nbPu33elWUDVTI/FjKjkO9eq/ov8AC9nmHWNbUPDnNvBji4jn77eg6D0z75Twjof6ykNxcgrbofhH\n8Z/pXq9nKsdrbWyRgCMcOc7n+/7xjFYNY5bdkPPbFTzKLpGnu9beQqLZTCg25865NQkaEBmJ7jPO\nqZQScAEnsBmriHRZ2jV2dEcjIRueK5M8eLGkmVGeWbtFq2o21np8T8QeV12A6+tZefVJpLgyO4zy\n25EdqFehkldHwHU8qbp+n3F858hCVBwW6CjxYMcIucgcmaeRqKJsNxLfOFVC8n+UUf8AUs/7zRqe\nzHer60t49J03EODMw+Jj3/oKqZfNkcs8icR/iO9Ijnk29nCGvFFRXqcs8azXD1xTc0oOa9qcY486\nUHFIaUDvUIPz1p4PahjlT1oWQPGxBFSY2yR0qIpqxs7NpMM+VT8TSMjiuRWXPHDHdJ0W+hyGOVJu\nBH4GDYYZB9CKnzSK0ruqrGGbOF5CoUJWJQqYA6UskxU7fe6CuVKG6e9dnA1X1HJnfpxdRC3J4FIJ\n3PPHSsxrGoxwoRM/lswPCCD8I77czt+I77P13WFs42XzAZiCOEcz2z6f71hdRvJbyYvKTjkq5zgD\npWzTaSU1cujR9P0O975LgW4ujNIWOw/dGc4FDEmajF964SCuzGKSo9AsKSosI5xnHWqnxLdGWSGH\nI4Y1JwPWi+cEy3MiqS5cySu/NiaTn4VDdNp6yb/gAwHOhlt9gB8smnnJOMb+lKsDM+GKR+ruFrIk\nzpNpdjGmk4OHjbh/hB2NAY52qzSytFANxqUQ9I0Zj+QpzSaRCDwRXFy3/wBxgg+g3/Grp+WL9Rf0\nqyq58xyqVaaXd3m8UREY5yOeFR8ztRX1ZwoS3t7aFOXwxgt/6jvUO7vLq7YG5meTHLJ2qnQSeR/g\nLd28Fq3A90k8g/dg3Uf9X9AagtIc/AAo9P61zct6YfQUIxL5diYpwUtyHzNOKhB+1yDz4QNz/Shu\nxk2wAvYVHwWITwnKHcdf6VwXNKFCjerjT7S2t8T6yHWMKHS3Gzy9vYfy5ULTfIM5bVYTw/oRvw11\neP8AZ9Ni3klO3FjovrUvxF4pMsC6bpAMGnRDh+HYyep96q9b1q51Ly0YiK3iXhjhj2VR7VFs9Pku\nIxO+Y7UHBlI2FWobmI9He1kzeOl8f/QFjY3OoTeVaRNI3UKM4/p0rXLHp/hOINIq3mpMAQDjhjH1\nyOo3wfaqWbUktoxDpnFGRsZ+TEb5G3vjPpVOylj8TFmJ786jh8ByjLI6lxH4+Quo6hd6jKZbqZnb\nbA7bUSDT/LtRd3ilYjkJGc/GRjI/Hv1qzt7K0sbP7Tet5t044obdSfhwSDx7bYx3qtupprmZprh+\nKRubYx/fKrjFIOMk1tiqSAzTPIoQ/DEv3UHIf33rrW1a4lVBhU4gC52C1KsrJp+KSQcMSDiJJ5j0\nrrq64l8m3HBANsj7ze/40bh5kTfftgBnkWINFZs4TkXyBxemw/v51DK9epohXalVPr71TW4YuAXC\nOdJsW+LIHpTyCSDtvyGaYylcHvS5Oui0hCO21djvS1w3oG7CGYyR29KeeHhHCnCQNznnS4AppJbl\nyoW1FFjCcnYUg2G1ExtgCnCMIBnn0oV+Sm6GKmBkjftR4oc7nmafDEc8TczRj8A23J5etGkBYwAg\nBV3btR4IuEHqTzPeuiiOSW+8edTETb2o0rBbEReEZpoUzNy+AcvWntmRuAfd6kVJijCgbUxIFuhY\n0wKcTghVxmuduEADmeQokUQRcnmdzVsggQY+Ll+dWOgaRda7qUdpZxu2fvcIzgUvh/RrzxBqcdnY\nr1+N8fCg7mvoHwt4Ut9E06OLTx5cmMTTMPikHUeg9sVh1erWFUuyUVmjaLa6ZbJE8BdoxhY+IhR7\n9T8jUxkHGPLjVDkkBByz+NaBNOj4AxKhjzo1naRQvxKM49OVceWoTbk3bA9FshaR5kIk4oyJG+6e\neaPez3qxlolAix8ZG/50l7r9rbSsI4zI4H7vLPaqO51+5uQVwqJywv8AWlxw5Mst+0qWWGKO1S/s\nENrcXMbThC6g4yTUm1uJLSEWqSBDxFmK7HPXf2qDDrE8cPkxcKqM4OMneoyylsncmtPpTkts+jOs\nsVTj2aZNQSW3CMWKqOedzVY5AY/sA2d896FAEjt/MkySThVB51FeTLZbGaCGJJug55LS3HmwXIzS\ngVyffHSnhc8q9bZz2MxnanBdqIMFMNsRyNdFFJK/BGpZvShc0uwG0lbGAGiwIZX4Rt642FSPIigb\nE0g8wfujl9aiT6qqDgtUAGd26mlucp8QMk9S5cY1f5Li3uo4YY43Kgg4yBgDsfWln1IJGSAeP91e\nHc/7cqoY7mFyPtE3P4iCnI4PanyT2zu08eDAo24V4R889fas3pe7k509Pc7nyW9pd3Bc+cQB1Ow+\nXp71S6r4jfjkjhxxLsGHLP8Af5VX3us8S8Mca4IxnHKqN34jvnvk9a14dKm7kjbptBGTcpxodcTv\nIxZ3LMTkk8yfeozNvzwTT2xtQ2XPM1uUa4R2YQSXAxiTiuJOAMnbYelOx9K5sKuedHspWxlEW5bh\nQrneqyQ1KuZBk1Ckb1rnZpbpGvEqQJzTOXLalY00msybHUjg2DyzTWNcedPELEZbCL3Y4ok2+Cn8\ngxgVw3OACT2A3ohMSD95z9B/WhMz4wCQvYVbVdkTb6OcBThzj0G5pvmHfgHCD1zk/Xp8q7gpQBy6\n1XPfRYwJnc05ELNwoCzelPVSVyTgfj8qUkheEfCvUDrRbV3IhIt3issvwpcXAAKZ3RDnsfvflUSZ\ny7lm2yc4Gw9gP5UoG21Hj4IDxyDifb4en9/Wok5P8AVXPbOhtRGkc9yw8vO6539DinXt+9xiNF8u\nEADhU/exyzUWZ2lbL9OQ6Cj2lm9yTghVGMkjkKPtbYdFUkt8wEcbSyBIwSScd6tZLaPSHKs0c930\n/eWMEc/9QP0xT7m4t7SIQWCnzsYkmOMkdvX3qsO+7c+/OqSrgHc58vhf5Omd55WlmcvIzZYnqTWi\n0Hw3NdRi5vFEVrjILnhLDuPSpnhrQI1t/wBZaqQLdPiWJubepH8qieJfEMmpf8NbgpZRnCjkWHIZ\n/pUunwZMmeWafpYel2/j9vyVmsXayzvDat/wq7KCOfvVWAOlEPem4JOFGSe1FJ3yzbjgsapAjhef\nM8qdFE88iqmctywCfyppBU+vrTlG+d8mlN+Bng0fh7W9P023iL2EDXQYgzMvEOBgQQVzvj0x1qlm\nFky3EoLeY4zFHGvCqHi5NnO3D27j1qOTxMSTk9Seddw5JpLhzaFxgotyXbI/AeYFdw4qajRRxFXg\nWRsk8XEc7qQOXY7/AJ7VH4M8qljbYHh4valCb4FHEe/pXHC8qqibgWOD3osUWG4m3J/CnInUkE0V\nVwMnlUSKEICjcU+GM54mGe1Ojjy3E/yHapMcfLtTIxKbEjiHypzknCJzP4U9zw4C7k8hRIY+AZPO\nmUBYsEPAoAojsEAHXoK7PAMk0WO3KqJp+bfcTqR39qj4J2Nhi4cu/MirrwzoN74j1NbOxXAAzJIR\nsi55n+VN8P6Lea9qC2lmn/5JCDwoO5/vevoHwrpVn4d02K3tVCgfffAy5/iY/wB9K5+t1fpRqPZf\nkP4a8LWPh7T47ezXAO8srfec981MvdUWIcEC5I6nlQNYvDKPLj+4N9uX1qlk4iC2CBnmetcbHjeR\n78jAyZ9vES+uL4NbCTZQ3Y5xR2tzc6WreZ5SHd2J6VnLe2kli83iCxIc5Y4wavLl2uPDQgtlkeQk\nJhV+f0oMsFClH5Kx5HO3L4MlfNEJ3EBLIDgMevrUTixSOd6EW3513MUaVHKlK22SI33qQrEOM7ev\nSoQcKO9NadyoXiIUcquUG+iRkWyzKwUswVUHw5NQ3uTxHhLY96iyzK7AonBgd859aReIjNKhhS7G\nPJfRl5IZYiBLG6EjIBUjI70kcqxK+XHEfhwRtimaVq/2SUJPLcvaEEPHG4H0yCKi6vcWk11nTkmj\nt8bLKwZs9TkV0473PZJf7roFxfgtLa5soBxTATsBkLn4R79T/fOg3OoNeSj9mgjzuUXgGAOuM+9U\nQfB50puRGh4fv5x/OnvTK93bEZMN8smX0oUiJCpxuXB3aoTS896jNLliT1OaYWJOadGKiqCjh2ol\nJKSCVZRjflQ5pS+xOF6DPKgsSBtsKZni5tgd6uKsNYk3Ykm/UZpnD3xTsb7bikbanRHpMYQB6+1N\ncAYAOSc5zyFdnekdsc6ckNUaGEYqLcSYGOlFmk27eveq64l3xms+oypKh0IWwMrZOaitvT3JPXah\nmuS3b5NSQnCzDK8u9cQi/ebiPZf61zZPMk03G1XaJyLx4+4Av+mmY3yc0orjV3ZKroTFc2KXBPKu\n4R151EiCBSRty70vCBy3PendMUmD0BPtRXXRX7jTgda7GcdB3NP4V64J9K4j127Vapdljdlzw9aZ\n86JwsdgMnoKmLDHaNxXCsz4yqg4PvyIolFvvoFtLrsHbWikLJct5cR5b7n5U6e7JXy7fijhAxgHH\nFQXdnPxHboOgroonlcJGMsfXFWnS2xAq/dMYATyGTWq8PaLFbRnUdXASJNwrDZexPc78qLo+n2Wk\nxm71Nj5q4KgjIzzwO/8AfTeqXW9Wk1SfOAkCn4EH51XXBiyZJ55enj4j5f8A0F17XrjVW8skx26n\nCouRkZ2z61UV1OEbmJpFA4F5nPKouDZixRxR2xBYY8guOW/9K7gYMNiCeXc9aLDGJJFDHhUkAtjl\n61ay6WjXggsLlbocapGVBUuWHQH2xn2oZOuy5ZFF0yo+zSrKYmjbzFyCh2II9/arebw9qMWlR35s\nGS0LY8/i3YnAxg9Pl1NSFgfS9TlN5Cr3UGA6s4OGzkk9Cd8fP0q41/xtd6lHHA0NulqBxCFU+Hiw\nefXIzmkylK1tVozZcuRyXpq15MkLRUiKyQOHw2H4+HJ6ZztjbP1qEFAIB2HP5VoNS1h9Tuklv2Jg\nLLxxQ/DsOw5fvHHrmo2m2lle6k6XVwLO14XKNIOPBH3VJ29s1HOux+OUlG5oqCo4dh8XfO2Otdw4\n96luEKqQW4sEn4cAdcDff8K6WJPPCRNtnhLs3wk9+Ww96JJMbuIeNtq4IM71KaJAj/EfODAcIA4C\nN8nOe+MYGCCd65E3yQKlEsEI/SjpHtvRFQk5OPkMURUyaJIpsZGmaK3wDen4CilSM/efn0z0oqKE\nijwSzAcX5U8kAcR2HT1pRg75+HvXQpxOHb7o+6tQofCuGEkign91Tyqz0nT5tX1KG3L4aVwGkbkg\nPU1HtreS4nSOMZkY4UV6N4c0xNKkgLKrMrBy3cilZHUW12DKW09K8MeHLTRrNba0j4Y/33OOJz3N\nXVzbRtEE+7kj7p3NM0m8F7ZLOFKBsgLn1oNxL5M7TuSyj4VHrXlZSnKfufI72qNjNRvV0yzW1t1B\nkKn423xmswJla4R5yTHxZbB9d6TV9QE1y0p2XpVS19xNvuPyrpafTbY35Zz82VylXhF/rWpR3LLF\nbZFunLpk+1J+vZ47NbaJVjQKV+Hmc9SapmvYTCVEfCf4jzxTA/EBjcU2OlhSTXQt5ZJtp9iSHJ6U\nA0Vzjc8qGeVboqkZhAa5jRbSBrq6igjIDSMFBPKtTp+k6Vp1yXvLxLiRB9wA8IPrisufUxw98v4G\n4sMsnXRkCwFN4z/FV74mvNLlZ47CBQCeMuqYJbtvvis5mn6ebzR3NUDkgoOk7MJni6GkccBwSOnX\nNdOypgJkgDOTg746HA22qK0hY5Jruxdqx9BHcjlQXck7fnTWkwDQ1lKvkEAjcHGd6vskY8hMkjPT\nlXcRAwKGpBJ7dKXNEkMod13NXvhfR4NZ1IQXV3DZwAEvJI4GOwAJGTnH41Q9d6dx0OTFLJBxg6b8\njMKjGSclaLnxHo9xod6becxujAPFLGcrKh5EVSNUl76d7RbZ5C0IbiVW34T1x2z/ACFQ2IOQCQel\nXp4ZIQrK7fyHNRcvauDumaFKwA570+6xFjhbiBA3HWq6SY5NHkzRiUoMS5kJGM1AkYnnRZpMk4qO\n29crJk3Ss0RVIQnNNxT8U3NJCGmlVWc/ApJ9BTlYjkB74ya7cj/erjRBTCq7yNg9huaY/AD8CfNj\nk07h2pOGj3eEiq+Rm9Jg9KP5DKMyfAOx5n5U1iOSjHr1q9vllbr4QLG+GGBilyeXIdqd71JsbG5v\n5fKsoHlbPMDYe55CrT+OCpTUOZEaNOMkZAwM79fQVM06zluJW8qLiQDdmGw9a0UWgW2kIZ9ZuV8z\n7ywRnJP9+mKi3HiDy2aOwtYo7XBAVl3I9f6fnRRpOzFLUyyNrCrXz4K2R4bIeXb4lkx8UhGw9qic\nLTtJJJKoIHEeI7sfQVJu7ya+UKIo0xzKLVroXh261TLOhRB91iPhHp3NE5X30FLNHBDdkdMz0Fu9\nxMsUalmbkBWuhtbTQLNbm8CyXDfdTbhI9vpVjfy6R4Yt/KgRbi+A59Pc9vasLf3s99cNPcOWdvwH\nalqafRnjKesdq1H/ACP1TUJdQufMnIVQOFVUbKKg0vpXcP0qWdOEIwW2K4OByM525U4gbY3A5nNI\no6CiRM8Lq8fDxqcrxDIyPSqTCYe3t2fyvhy0jcIj68wOvvip7RwxvIZRLbnjxGhHEABzydskfD9a\ngvM8uWJLCNQAcAYUYA2HypCRnPNs1HyJlBydkudlt5Y5LWfjHESpIGRg7ZBGORB+dRGLNIw4weI4\nyNgf9vpTTswKk7DYnvSHptQ0FGFHAc8867FG4MRrhcBt849/WleNUVCrBiwyRy4fT1odoVgeHJpw\nTOc08L6GnBaNKiWDRBnfIHXHOnomelEVAaIBVpFWMCelEAwKcFO1PEeDk/SiQINUzufkKdjO3Ida\nIq8R25U4qD8I+6OZqyAVQOdxmMfjUlELEAKSxOwFKibbjYdBXqvgX9H8kulxatqGVnlZTbwcPJc/\nePbb6Des+o1WPTx3TZaV9Dv0f+E1hhae8hDySJ8WeaDsO1XraHcpN5czILdMsGU7n0x7Vo7G0l05\n543QeSTkN09s0VUe5lBYFY2GxxjPrXDnrJSm5J8A7b77JWkxp9mRUXhAGOHsKj6z594BBaIWSM4P\nQVYW0aJ8KADofaoN3rENrIyrGSiA5IP4CsUXJ5N0VbGyrbUnRgtTR453jcHY43HWq9gQ2QCDVhqV\nxJc3MjuSSzFj2qKFJOBXosLexbuzlSq+AC8RY56VLjUrg0ixHiAHXrWl03w5iEXWozGKLHFwjnj1\npebPDHzJkjCU+iquolS3hY44pFzj+dQXGADVprDwyXzC1JNvGAib52FQuANscYqYZ+xNi5x91AYM\niXKc+9XFvfw2tvIqxh5XUglhkdNh6c/pUN7byEJ4THnnnrUV2G+DvVTjHMHDdAjyLnOedBwa0DaU\nn6uiuBIxklxwjbA96dFpUXAOKTiPfIoo6mAvWY5YGo5O3yeMBOLONhQpxwD4TnehNcSAYTA96B8R\n+9vXo1FtmxQd3Y8seZpVHEdxSKhHM0TGKbGIdHYpwNJvXCjqiDiCQTyx1oZYjnRC3FjPTao0p250\nEpOPIUVfAskgqLLcY2FBlmztmo7EmsObVvqJojjokG6bHCdxTXKupPI+lR64msTyN9hpCPHtkHam\nfKnZNdmgCBmux6U/ApY0LuFRWZjyAGSagP7g9u1dgtyqzGnLbgHUZ1t+vlKOKQ/9PT50n6wS2ONO\ngWHbHmvh3Pz5D5UaQv1b+xX/AIBLpskaCS8YW0Z3HHnib2Xn/KhyTRR5Fohzj/Fc5b5DkPz9aBI7\nSuXkJdicksck1yIzsFRSWJwABuT7Ve74K2t8zf8A0DbLHLbk9TT4IJbiRY4Y2d22AAqxj06O3Kvq\ncpiHPyo/ic/0+dFl1hoYzDpkS2sRGCw3dvc1a/IDyt8Y1f8AgsLHw5a2aJPr1ysS4yIFb4m9/wDa\npF54rSCE2uiW628HLjwMn1A6e+9ZSWR5nLysXY8yTmmKC7BVBZuw3NVVif0inLfmd/jwWstrJcWR\nvpLlZWLfGGb4hv68+Wfao0Vm80yxj4mYZwvxEHoD2q60fQ4hD9o1i6FrB0Xi+Jv79MmrF/EWnaZE\n0ei2gMhBHmsMfjzPzot1dIRLPKDePCr/AML/AHJWh6Ba6PB9s1VoW2BVXAIB+m5+lQfEHi2SWN7T\nTB5cfLzBsxHp2rN6tqd1qEge5kLlfu9AOXT2FQVJ4vhJBPY70NW7YOH6fvn6uodv48IY7MzZLEk8\nyTScOTvn170/h770uOWem1XZ1qSVIYB8WOnanUoxnauxvzqmQbjelVdxvTwlLstQlncOKTPauJzz\npQpNDdlCDfPsaIBvyx2pyrgb08b8qIlnIpPvRCnCMqck9hyrlAzgjPbpRACQF3A7UYFjBkKV2wdz\ntv8AXpSquedFWIDFEEeKhLAlcU4LnpReDJooUKuTUSAcgYQKK4IZD2UfjRQpcgnl0p+MDGNqIGxo\nxyxXcPyFOAGM8h+dSbSDz7iFGPAHcL34c7ZPerbpWyt1Gt/Rb4W/XusLdXkedPtSGKsNpG6L9cE+\nnvXuq35CcMsPllfugbYwOVVOm2lroOlwWlii4iG2Tux/iPrQ2uZJJRxBfkMV5HUzlqsjm1x4G71B\nUmTribzrTDqcLk5B5Dlj8aDJdh7h5CcRRrwIPzquurv7PE+Udy7KFVaAxLEnPL1q8eD5FyzlxBf7\nuxGyjNZq6mMrOWH3idqnm5MduyKv3j8RP8qrWUsTjNasONRbkZsuRySVldNGqk460tnH5l1EjA8B\nODgb461pNL0A3GJr39nBjPCdiR/IVOupNP0iFls44zM3bf6minq1ezGrZePC1U5cIrLezgt75XZc\nRY4sc9+1SPEOopcWsdvCWzn4sHb2qve6eZgHAAznYUXULm18mBbZD5wUiSQ9/wC+tJcG5xck2zTn\nywd+nwmVHD0IxUqzjhivx5p8yJSckjY/2aCEycLzojYVT1rbJXxZhiuQGqz+bK7bgdM9qqVJDEn4\nsHOCSPyqVdEszVF4SAfXpWrFBRjQxSp2Thfs+ltbE8PA/GmexzkVC89v4m+tMYEnblSeWe9HixRh\ndB6ibz0peDysDi3zS8J59qdbiMsPNYhOpUb0isAx2OD+Feg3DR2RjcfSloRb1pQ/TajRTCcW+KXi\nABzQXlAXpnuaC8/EMD60E8sYEUWw0s3CuRge9V8sjE5zTnJPOgOelYMufd2PhBIaTk+tNNcaSsD5\nY040lLiuxUSsg3Fd65wO52FPC8RwSB6mkCAHfcmipljcj90E/lRo7qaOMrE3lBufBsT7nnXCFzuq\n4XuTgUvkov8AiSr7IOI/0/GjUZfADcX2RyD67/jRbe1mun4LeKSVuyDNFWSCPPlwBj/FKc/gMD86\nfLqF1JH5fmlIv/LjHAv0GKjRG5V7UG/VkNtg6hcop/8AJhId/meQpkmo+UjR2EQtkIwXU5dvduf0\nqDg9zSYqX8ALFf3OxGJJJY5J50qI0hwgJPYCnAIOhJ7nlTvMYJwhiq9htUUUuWMXH2jvsyx7zSAf\n5V3NOjufJBFugTP72Mt9elArgM0W74KcL+4fLK8rcUjsx7k5NOnWNWUW8hcFcsSvCQeo9aHgeua7\nFDuomyuhmN6XlyJHsaU13CTQpsuhK6nBDTgooixgHpS4xTtqad+tC5FUITgbUgGT609ULHajJGB7\n1Fb7KBLHnmKKEAolKqFuVWkU2D4SeVFjTHOiogHTeiBQego0gbBquOW2eeOtFVRtTguOdPCjFWDY\n3pSqufanBepp4HaroGxOHhFcqZOW50QJjuadg0SV8AjQO1PWIseRJ7VP0y0gmkBurhYUHoST7V6F\notr4as4Vf7RC7jc+Zj8qDLmWLtNmHU6tYuEmzzRYChy4yegPSnp8Dq4BypyMVp/Gl9YXt1F+rwp4\nAQzqMA9qzfIgjejjL1MdtVYzBklkipyVfg+goEE6KwIYNuD78qsfskMcR+HibpWf8HX8d/oFpIoI\nZUETZ/iUAGr65nCxouQQwyfSvH5FJS2m3FtSbaIzywwqwKFpP83aqq4AZsgAE7/DsBR5mLMSTkmg\nNnpsafjht5E5JbuALx7elWukaeioZ7gDhG6g1Hs4eNg7j4BsP8xqTrl1wRCCLAPM4qZJub9OJUIp\nLfIrdY1OS7fhjYrGv7o61UnuT8zRG571NufL06NECiS6ZQzsdxHnoB396enHClCKtiucjcpMXStK\nlvyxZjDEBkOw2PsabfaRPaRu8zRApj4Q2SaiNds8YV2ZpAfhJOeEenrUzT4J9UnCyO3lD4nb8/ma\nVJ5Yyc5NJBxUGlFK2QooXfCx5ZjsABuadMmAsZBD5wQdjmrS+4IJ1t7JS04PwlTun+9WVpbW+m2z\nXd4QXzxEtuQe1VLUtU676+Q4YbdfHZjJoeE4ZSp9aiSR4z6Vodc1S2vJeGOMlQdpMYOO2KqLx4GZ\nfsylRw755k1vw5JNLcqFzST4ZWkb0uKMVycAb0nB7Vs3C7PGvNAXkPrTfMPOnWls95II4SolPIMc\nD69KHe21xZTGG5ieOQb4bG47g8iPUbV0XqadHT9PixTLSCQHO/Ko/Ee9NaRugUeoFU9Q2Vs+B0sh\nJIztSIeppmTSg71nbt2HXFBC3ahMvXNOxSmqbsiVAsV3CaKBXA74oaRYMDfFLjfnRCK7FWqRBgC4\n5E+tOEhU5VVUn0peGkOR0zRb344K2p9jWd3OWbNMxRiM0h7EUHL7LSroFSYo1d1zRBAsV2KMN645\nzyoQQNJijk450hOelEQHw46Vxx0GKJjOxFKM5xioQCaTB7GjletJihogMJ1POncHrTiDSFsGpwQ5\nmxQ9zy2p2D2pQv8AFtQ3ZBnCacI+9EUdqdtnbc1KKsaF222FPRcnAoscBbdhipSRKMYGKZFAt0R0\ni6nejLHgU/G+3Kn8IXd6NIBsYqZOwpSFXnzrjJxEhd/WuWPi3J+eKgPPk4EtsBtTwoXrvTgAPu70\nqx5O/OrSBGgEnltRFX5UQLjHCM1t/C/guS7iW/1YNFaA/DEDh5O2f4RS8uaGKNzZTdFD4d8Nan4g\nmK6fbsY1/wASZ9kQep/s1Ev7WK0vpoIZfNSNiofhxxY5n2r2vU9WXSvBl4LeGG3jUC3hWIYwW2P4\nGvEGJZiSck1n0OfLqJSnLiK4SBlJOto0DFOz711dXUoGkdXcq6lqcko9O/RtqMT6T9iVsTQuTjqV\nJzmtf5nwgNueWfTevC9OaUXsIgd0kdwgKHB3OK9pjBjRFXkAB8q87rtMsc7vsrlBmGVB/e7elM4f\nnRYoiRxNgCjGSG2Xj/f5jvWLc1wgqvkCZHjjXCMp4gcnbOOntQeGS7lZj8Tk7ihzzNM/G+x6DoBT\nreOeXATZehJwKKKUVfTKTt0uSwt7FLaJ7iYfHGCVGM4/3qjtrOS/eSWaXykHxSSv3q9Ux21ols8g\nZnOMNyOem3SqfXG8qRII3BRQGYLy4utLxOUpNLt+fwHkjGMVfgnS/qX7OnCoDou2+Ccd++ahfrcW\n9s0NmnBxfvj8ap3YczQHkztyrXDRr+ptiZahr7VRNt7yS3uVnQhpFJPxdak6/rP26OCNMAKOJwM/\ne5f1qjLHfemE5rT+li5qb8C1mkouN8MezHOxpDINsKN+p/pTKa1atiAsJk+n0rqGK7zB61NpZ4uj\nsrZBx7Vc2eqLLCttfos8AzhX5r6qeYP9nNU3DXYxWxrd2deMnFltqGjERNc6czXNsN2GB5kY/wAw\nHMeo+eKpSBVjp+oTWsyvGzKynZgdxVxJaWeuAvD5dpfdQBiOX3H7p9R8+9Jluj3yhsYxn9vDMrgd\nq4D0qRdWk9nM0N1G0cq81Yf3n3oajNROxdA8V2KNwVxSroqwQpB97OKIRgcqSoWN2zmnV2PSlA9K\nhBK7FFC5pwjNQgDFdg9qnxWvHBNL5kSmIA8DH4nycfCOuNs0Ex4qrRCNw+ldw+lSOEDnXHBGAPwq\nWQj49KXhovDRoo4TbylzJ523l4A4TvvnqNuVUyETgrsY6UfgpOHtVooD8qT8qNw96QrmrolgsU1j\n2BzR+DG5xXcSjlUJY+3tZXtppEMbcI+IYyyjqfToM7c9s0AxqBk86RnOTwjG2Mik996VdMtKzs9s\nUnIb7mnojP8AdXbvUiK3AwW3PrRJSl0U+ACRu52GB61LjgCDOMmiqo6bU4sAOdOjBR5YDdiBDjON\nqXA9aYJGc/swWoghZt5GJ9BUv4BG8eNkBJpPLZj8Z/6RRwm2NlHpSE9FqPnsr9hoVVHT2pygsd8g\ndqcqb5O570TBqwX+RqoMipFnaTXk4htozJIegqw0TRLjU3DKDHCDvIRsfbvXoWmadb6dCI7ZABj4\nmP3mPqaTlzKCpdi5zUeCu8O+GYNPCT3WJrkbj+FT6f1rTK78PBn4eeM0FDk4GSewqQInXd1ZR0LD\nGa5uWW53Jmdty5Mj+kG4xbWluCcs5cj0G386xFaPx9LxawkfRIh+JJrOV2NHGsS/IyCpCdaWurhz\nrUGdSil4T0zntXYOfUVRCy8Ox+Zr2nIcfFcIPxFe7QWkaRnzBxEjGeQ+VeF+HW4Nc05jyE6H8a9m\nkvmZcKSFB3UV576vGTyRr4Ci4rsWfhUbdDsKg3B4nJG5I3Joqv5hyc/2ajTSDO3KseONMGb4EDYc\nEjOOhpzzyvksxC9ByFCjPEcA7+tLIxVeDI55prSbFxbXQ2bIUlmycd6hyNncnNPmYkYPKosjGtEI\nULkyNIxJ50wmnPQya2IQxaUAdaaj8LqwwSpzgjI+YrS22s2FxZTxXunWayiM8MkaBGJ6YHv61j1G\naeOtsbQ7FCM+JOjMkYFCYkCpFxwA/CxYZ6rj+dQ2LHbG1bYPcVQhJxknHzpNvSk4fiG4z71cw6dp\nSRhby5zP+9wnYelDkyxx9hKO7o8dWCzul+EtbSemWT8dx9TQZtPlgXiOGiPJ0PEKjrlTkZBqZbXr\nxHDE47iujs+DpXZFEG/3hv2POiRq8TgoxyO1TnjiuBxJhGPVcYNRXjeI/Fy7jlQMtcdF1bX1tqsI\ntNWQnG0cy/eT59vSqrVNHm02UBv2kLH4JVGzf0PpQiAwyDgirbT9Rl+yyQzxvLbgYYkZAHTNA8dc\noapqfEuyl4Vfh4V4cDBOfvHvWo1zwFrWk6aNRMUVzpxUN9otpRIoB6nkceuMVn5Vj85vIPw9B2oj\n3lylqbYzTC3YhjFxHhyORxypGSOS08cqXlNElXkrWUcts0wp60dsEYx86aR3pwsEE6jnTgu1Ox2p\n4UnlVMgxRjYUZEyeWaVE3qdbRjI2pdsIB5YP3AQPU7/yoTwkDbcV7zD4X0rUf0cfrbU7aIah9jLJ\nOuVxwAhNhtyA968ssPDWr6kGksNOuZ0UFiwj+Hb1O3yrnaf6jDIpbuKYyeNxoypjrhHVhdWsttMY\nriJ4ZF5o6lSPkaGqjIzy9K6SS7Qoi+UQNwfpXBNquL+7F1bWkAtrSD7PHwcUMYVpD1Z25k1XsAKq\nEm17lRH+COUzyppQUViRyFBOTzq96RVMk28llHbzi5ikkmI/ZFWwFPrUFmP7oonD8OcZFIImbkNv\nWq3N9FJJNtgGznemY96nLbDPxMTRVjVB8IAq1jk+ybkiCls78hwjuaPFZov3viPqdqkMwVd6ZxFh\n8PL8KNY4oq2wgCqNgBQzIopVjZt+lHjhA3IplvwiuCOFkl+6MDuTRUtlGC54z+FSBgchikJAB7VK\nXkpOziCoAC+1MYhck0slzLLGkfGzRpnhUnIXPPHampESeJjn0oFJsm1djAGffkKKkYUHangAD0rZ\neE/Al/rJSa7BtLLnxOMO4/yg/mfxoMuaGGO6bIjKWFjcX1ykFnE08z7KiDJP0rfaT4AazCza2ONu\nflL9wf6j1r0vQ9A0/RrYR2ECR5+8+Ms/uatnCvGY5AGVtiDXDz/VZydY1SI4NoyOn6bbeWTKmI8c\nKqo4eH6VVyKFkZRuASM1qHt1ilMZyenyqovNPk+0nyVBDbhRQ4c1ybk+zNLHSXAujWiyMZySChyu\n+Nx1zUnUvM2aWXzBzHxZ+gNOVDaWwiYkE/Ecfu1GuXVo4xxHkSQaFvfk3eA9u2FLs8s8bkt4hlPT\ngT8hVFV943Tg11/80an8MfyqiAr1GmX+lEBcI7FKBvmlxS08s4HByMg9xSsxcgnA6YAwBSUoqELD\nQRnW7AcszLv869bVFQjGWX868h0WUQazYysQFWZSSem9evw8SIJDnBHzNcT6re+P7EEuXCAls5PL\nfkKr3bJznNGuHeViSCATgYqM3wnrWPFFIVOVhIpOFgBnNMeTcnJ+tCd8cs79aEz09QvkC/BIQefM\nkYZV4iBxNyGe9RpwEZlDBgpIyOvtQpJMDY0B3OOdGoO7IznOaYsiq6l1DqDyzjNMdqjs29alCwUl\n2W1nfRwtNw2dtIH3/agnhA6Ak132m0mPxW3kL18oknP/AFE1UZyN6eHwNvwrM9HG7Qbk6okSNEuc\ncbds4GP6/hUWSftQ5GLCh4NbIY67Asdx753pcnt+NDpeI0bimUeZYruGiYzXcOK3UdBMapKnKkip\ncNxkYkoHDtXcPahaLUiUYEk3iODTtPvLjTL1ZoSFkGxyMqw6gjqKjIWXkSDRDIzLhsE9DS5RtUw7\nPR/DEfh7XblftFkkN6o4zGCQjf5lGcEVoPGXhK21jTna2jCX0SfsnH72P3T6V4vBLLbzJLDIySIe\nJGU4Kn0r0zw7+kGEwRw6srpKuxlUZDepA5fSuNqdNlhJTxtsbHIqpnl00LwSvHMpR0JVlPQ9qFw5\nFeueJdG07xKVvtKntpLgj9pGsgRnHp6+9Vifo0muY1ksrwY5vDLHwyJ8s4PvypsddDavU4YD74PN\n+CnIu9aXxJ4S1DQV8y5QPBnHmL09x0/Ks+MDfGTWqE45Fui7RHa4Y4LgAnrsKkRNw0BJWxwkfAd8\ndqmfY3kiEts3nJ1UDDJ7irkiLk02seMbvUdI07TlIhs7OIRhFJ/aEADibp8qrNX8S6pqYxeX80qg\nYClsKPYDaqTBNLwd6zw+n4oLiIfqN/cxJZDIctucYyaGMg7UYIBSgCtCxPyBuCWNlcX9wlvbIXmk\nOEUY3Nek+G/0XGSJ5fEVy1o3lsyW8RUynH73Xb8a84jYoQVODzzU671O7vJ5J7m5lkldeFmZjkjt\nnt6Vk1Wnz5PbjlS/kZDLGP3Kyuv4Ylupltw4iDkKJPvAZ2DdM98VDMVTnJPOgSHA35d61wxJKmKc\n7JGn3q2dvdw/ZracXEYQmaMMUxyKnmDULrtScWfugt7CncLHpw+9FGEYtuK7KtsYSd8U3DNjG/tR\nfLA57n1NPG1HXyUBWEk77UZYlHv3rjIo5mptnp9/dkGCymdDvnGB9TQ3GPbCpsigAdq4sAM1qIfA\n97dKHhvrGL4eIpcuY3Ubc9iv0Y1B13w1c6DNHHetCzSAlWjkDA45+o+YpMdZjnLZF8helJK2ig4i\nx+EE08QMcF8gelX9h4bvtQtDcWAgnRBmRRPGrJ7gsKsNJ8J6hf2zqthMJW2WaV+CNP8A+vkaXPV4\nl3K6JTS54MoECYAHPl61YaXo97q9wIbKAs37zcgPVmPKvTtA/R7Z6fJHPqVw9xIgGUjPAuffmfwr\ndQXVpZ23lWlmsMa78KAKPoKw5/qlcYY2BuhXLMJ4a8GQaMEuLxFubvY8TDKr/pH8616Xm2HXfutN\nuLzzGOPgB6A5oJwAKwSlLL7snZjnkt+1kyK/CpsQOpJ7UaS6dI8kA9RVHJhn+JmI6qeXt/3o8twH\nQYG450DwrwglmaVWPt7q4ubpEuLUxrgkyiQMB6Hkfwq4DWoUcLhevrVJHJhOIk/705X4iRxf6aGW\nIKOXjonX9gl0he3ZeM7HfZv6Vn7m3mhlImRlPr1q7trhrdRmIsrfvZqa4adVYIxXmMHapDJLE67Q\ncnGa/J47+kKzZZLS6A+Fh5bHseY/n9KyC17p47so77w3dQsi+aq+ZGQMfEu/9R868NFei+laj1sd\nPwA1To7Fdilpw5V1yhByrq6uqEOPvXrXhvUftelQOzENgBvTGx/GvJa2H6PtRtILia21KXy4mHEj\nHlnkQfzrm/UcSli3Vyiv2PQ45RHBtCDvnLDO9Q5LWS7BcKF32OAAaJe3QspxFEqvHswY9ajyajI8\nZHFwjsB0rg44T+6JJOL4kRoLGW5ZgMKqkhmJ2qLf2k1oRx4ZDyYHY1Z/acRLFASWPPHemz2l9cIq\ntFIU6AgU6OWUX7nwL2rpFA5zQmDHYAk52261uLPw9ZyWSRzK3nndnU8j2q0Wws7COM28KIyEAORl\nvrVS+pRi6ii1hfbZ5fcRyxMFljZG6Agig8JJ2Br1t4bO7iAuQjgHJ4+9UGpXnlXPlRWVl5EZ+AGL\nJx8wKrH9SlN7VHkKWFRVtmCK42O1NrVapawajOJYYUtcgZVBkE98VEk8OyedFHDKG4zuSMYH1rfD\nWQpb+GJkuaXJnzzrsVpNW8Lz2cXmwOZhjdQuD71nVB4h71oxaiGVXBlSi4vka8TqiuyFVYZBPWh1\nMvJWncMBwqBsO1R8UyDde4WzzfgFKBReDvXcArrOJusFw1wXtRgvpS8NA0SwPCe1KENFCml4TQNF\n7gXAa7go6jHOlIHaholgYy8bBo2ZWHIqcVqvD3im5tZFS7lfgHKTJyvv3rN4rsUnJhjkVSRUkpI9\nN8QXDa/pyxTX8sK/xIeJHH+Ydf72rzu+0uazYgvHIAcAo3P5HB/CltL6e2UpG/7M7FTuMUN5WkOW\nJ25ZNIw6f0eI9Aw9SL90rI4QDpRIneGQPExVh1FOHCfvA49Kkx6ZcT2j3NvG0kSHDcO5X3HPFOlS\n+5jVK+ETrSSx1T9nqOLW5Oy3CD4Sf84/nUDU9On0258q4AwRxI6nKuvcHqKhtxA44GJ+VHN3eNam\n2LnyM5CO3EFPcAjY+xpThNSuD4/90HvTVMDikwMbnauEbn70g/6VxSiJRzJJ9acwL/I0Oi8jn2p3\nEx+6h+ZxTgOHlXEipRVjCjN95yO/CN/qab5KDBK5bud6czjln8a4NnoalIuxpYL39hTCxPIH51Ju\nJmmWIeVGpjTgDKvCWGSRnHM78/QUAq5G7KPYZoE2+y+hmGP71JhR94/WncGf3iasrHQr+8IMFq/C\nf3nHCPqaGUkuySmly2VgkVdkUk9hU8axqvlLGLl0jUYABBP5VqbDwWRhr+5578EQ/mf6VoLLRdOs\nuHyrdWYfvyfEfxpE88L6szy18Iuo8nn1lpmsasylRdzKf3ncqn1NazSP0fO/C+o3gTukO5P/AFH+\nlalJMHIOKsLG4hMmbppQgHKPG5+dYNRnnT2qv2ErXTk66G6RoOlaQAbS2QyD/myfE/1PL5Yq1e4Z\nvutgHnjrQri+sSgW3imDZ+87D8qjGdc749BXOUXPmS/uTJlfTlZMSd1G5yOgNIH4z8R+VAiuYwMM\nMDvjnUooGjynLmKtqn0UnfTATERD4edRQ+5I7YpZ88W9ADY71ojHgVKXI8NSMcim8QokcfFHLK20\ncQDN39Meu1XJ7VyUuXwQdW1O20iwN1fSmOP7qKBlpD2UdawM/wClSWGZvJ0pQoyP2k/xfMBdj86p\nv0mapcTX1szsVaaHzTGP+UhY8CfRQx78XpWBJya0YcMJQ3SVtnRw4LVs9esP0uW0knBqGlSRxdXh\nlDb9+EgfnXo+g+JLDVLAT6fdCSMbcOcEHoCOlfLAx86tfD2t3mhait3ZPg8nQ/dcdjQ5NJBr2jp4\nePZ2fSc10ZxiTcnmc147qtubXUbmHhwqyEDPbP5V6FoOt2mtWC3Vk4Jx8cZPxRnsRULxfpy3lg9z\nGn7eEcWRzKjmP5/KnaKawTp9M56m1LbIwVJ6VwFOrvWPG4pQM7UtdirCG4xS75pacqMeQNBJ0uSr\no31hcTTafa/aCS6xgb89hipKvtsaiR5UL3xRV3IrjNJdCHyy00eUJeZPPhPDv1/7VY3GqvEWVWBb\noKoHYIo4fvUSG0lkQyt8KnkTyasuTFFy3SDjJpUi/sdYeXijZSH5gry+daCFzJEpkU8RG4NYeEtA\nQYiQSMOeh35D5U83s6ElZXBPMhudZcml3v2cF7uOS81e+WNHiifhYbADp86z4unUnYMpPXeo8tw0\nmOLfG2e9Mzx4BrVhwLHGmLlKyyimiDLIzupU7gD06VPg1a1t1aTgcy4265qg+efam9Dmrlp4y7KU\n3Holy6pcyTSyeZvIvDwtuAKg2ukT3YZ4QOEHHEeWaIFyRyNaOG1lttOSNH4yzZZB0zVZJrAvZw2B\nubfJH0DSoYIJGuoI5ZWYrhhnaqvUdFtWvJGEzQgnPlquy+laOxPDERlhjketQbmBXmZqx3Nzb3Fz\nlSR4QBiu+VbS60yG4PxxJnuNj+FV1zoOAWidl/ysM17JamD7CjqIvszwFOxU250y6twWkiJXnxLu\nMVE4T6/Sj3xfTHRkn0NABpeGl4TzrgCKFhiFabg0am0FFWMCnrS8NPHtXYNUy7G8ApVHCcgD50vC\nx5VxUgfETQlDww6hfbFaPwbqMdrczRzMqJIu3FsMisuFH/eixqAc4GR2oMsN8XF+S4zcHuR6dP4Z\n0/XLGO5t/wDh53XPGn3WPqP6VjNX8J6lpzM/krLGP3o2JyO+KkaP4ovtLiSFPLkt05Kw/nWmj8a2\nd1CBcRSrJ1AXiHyrkxeo08nXMRnqY5L3cM8y4Xz+6KThbP3sewrVeIEsb9/O0yC6E5+8ohPC39Kq\n4tF1SQhU0+632yYmAPzIroR1EJRtuv3FOUV0yoMYP3mb2zj8q7ykPQfPetZF4I1eRQ0ywW4P8coJ\n+ig0RfBEucXF6B/+NP60P6vC+nYMs0Y9sx54U7CkQGRgkal2PRRmt/a+EdOiwZBJOR/E2M/Sruys\nbW3HBDDHCvdFxS56uKXCEy1sVxFWeeWXhzU7sg+UIE7y7fhV7ZeDIEGby4kkPZBwj8cn8q2Dwsq8\nQUlO6jIH0oJzWd6iWTpmTJq8kuFwQrLR9Ps//D2sYP8AEw4j9TmrCmj13pwpT57Mzbl2xcjYHAPQ\nd6GTxGnOoZSGGRSEY5VEglQmKUMQe9OppGBVlhQ4NEVzy6VFG2/eueaOIDzJFXPLJxQOJadE9ckc\njirCCSQJwsxxVXBfI4AR0JHZs0Xz3G4PrypEoN+B0JqL5J0qhtwajOPhO2PlQjdPnnTlvCBgorf6\ngDUUZJFuUX0BJx3qo8WamdP0O5kVsMeHCZxxHiFXDyeYxPCF9qwH6QGknt9QiBJS3jibGOpZj+Q/\n/UU3HHc6kTEt06POPEOoNqGorO5OfIij/wDRGqfmpNVOcHHQ0WQ5A9NqCwrbtUFtXSO9GNKjge1O\nXng01Rin0IRceGr99P1FGSV4S/wiRDup6bdR3HXNew+H9bGot9ivlWO8wdsYWUdcA8j3FeHyoqeU\ny5KugYe+cH8RXsWmOuraJomrWycd9E6RzIoyXZDjJ+g/9XpSM9RXJi1cE0pMzmrWTWGoTQOCOFjw\n56qdxUUA4zXo36RtGeW0TUo1OYiFk78BO34mvOhyFdXR51mxJrtdisbuNiAUuK4UorYMH2/lidDM\npMeRxAcyK1tz4gsIbJbfSbVUkYcJZk+6PzJrIUpYgj0rNm00crTl4EZcMcjTfg3jSA/cGBToyOtR\n7VhJCrrvlQaKee1c+q4KFlOTU3z2YAMzEDkM8tqhcJOOYo7nKYzuNqXKKfZVhzLkUCVuL36U1Qc9\n6STY9ieWOdUo10RuxhJU5pVPpS8JI55pRgDGPlRgN0ODHFNzv1pVUsQNgT35VzoFBZyFUcydsUNo\nFu+hVfBq0GsTx2qLHF50nFg5ySRWfl1Kzjz+1425YRSfx2rSaG0MdgL2dfJDDI4zyH8jWbURSVyi\nLyScFbRe2aCeNGKNE7AZVsZX0PSodwOCZ1XhIBxn+xWdvfGgjmdbOASRkY4nJX5gVWf/ABVMd2to\n8/6jWOOh1MuYrgOMJygrRHHOiLscjnTBzoijavQMSOGP60GXT7Wb/Gto2z14cH60YLV7Y3dp9mEV\nygIAwARms2XI4cpWRfF0ZeTw9p0hwkbI2M/Cxpg8JWhI4p5o1PXAbH5Vq3t4UQFYiTz4+Pn6e1Ck\nRHSV0bgAI4Y2bJI9O+KUtXPpNjfUmlwzKS+D0DHybwsvRimM/LNRX8JTLyuEI9VIrZxfEmBkvnYA\ndKTIdSQQcU1avJHhsH18nZih4WnzgzxD5GiJ4Tc/euR8k/3rXheIbflT5IggQjOSMkdqN6ub4snr\n5GZSPwpGD8dzIfZQKlJ4asVOWEjHsWq/4T1GKQsooXnm/IuWWb7ZVLoGnD/6cn/rP9aPHoemLv8A\nZUPuSanFlI5gfOmcWBs2aDdJ+QLl8iQabp8bZS0t1PQ8Az+VTIkjRhwKAOwGKjB98DB9qMpYbk5F\nLkmVyW6m2EQbcsRgp61xnCooA2U52FV8Tdd/nRA22WO1ZfSGKXwSVuOORvMYlscyM5+tHjyfu8O/\nUiq4EcW/WpUC7Ah2Ug5oZRpBxdumG1C2CwlzGvfZP51VVP1LiQhC8h6kN371Ao9OnttgZq3cCcs7\nnfnvTVC8XxbD0pxNM58q0IQxWVQfhORSBW6CnBc0QK2QMfSq3UQbHGSd9vejeUAACATRIoyvP8Kd\nImetKlK2HFeSIyYOw2pOEnmDUrhBNc0eBtRby9rIyxCmS2kM2DLGrEdetSeEiuINXuK6IDabbdEI\n9iaLFG8ZAEjOvZxuPY/1qQa6rbvstNjSopChonDtkHftimkEDlVbkiMYFboCarL/AElry9lkkKC2\nltDBIuPiJ4iQfoSKtclfl+FIWLczVc9ouM3DmLPnjV7KSxvJ4JN2icxkjqQcZ/CqyVsAeleh/pR0\n62sr+3lt04GuA7yDOQTkb/ia83uTg8JyM7itrlcVI7+lyerBNjllGcGiq2agnY9TR0ODgEMrcjS1\nI1Sj8Gk8PWMk89reOvFZR3cVvPk/dDn8sA163+ijQNQ0q2nuQQ8DSPGYn2IKkrkfTFZH9GKR273e\nl6tETp2rRgRzgfDxqTghuQ5n2IGa98s4Et7KGMyBmRAC4GOI9Tj1O9c7Val28aObnnubiRJrd722\nlt54cRyIUPxZ5ivG5dA1BbueBLd2MLlCQNjjr9N69x8+NfvE+lYH9IDXGnX1vqdhI0ayjy5QORYc\niR7flVfT8+THPZHz8mb3RjWPswlzpl3aAtcW0yL/ABFDj61GC8RPTG9X1z4qvrm2eGQQkMME8G9U\nIGK9Nglla/1VTCwSySXvVMThFcRThTsVoNBsfBtpcanZCOCMnychmxsBz3NaC30iGdvLS5LzqMsk\ncZbHbeq/9HV3LBo18Ld3DJKGwu+xGM/hV/FrN1DMXDg5/dIAHvtXlNVPP6sow4SBaxx+4q77Srux\nKi4QrG24bGR9ah8Oc/yNXN1fz3s4aYglccIH3V+VV9zCWkL7Ak5IXl9KbhnNqsnYme2/Z0RQN9u1\nCu7cXMRXJVhupHMGpaJgH86d5ZcfDsKfup2hbZQ22otbTfZr8cLDlJ0NXSR8YyCMYzn0oeq6ZHfW\npXGJF3V+oNZXT4L28lGnxSME4viUn4R6mjSjki5J012Ft3FxqWsQ25MdpwzSci37gP8AP8ves/Pc\nS3LcU7sx7E7D5VtrTw1p9vFwyI0rHm7MRv6Yod14d0/hby1kV+Yw52PzqYtThh0m/wAhKUImJBAI\n3xU+41C4uII4ZJCUQYC9KvNN8OxgE3eZX/hTOP6mrWPR7WPlZL/1DP503JrMV9XRUpRfJhCDzIIp\nK2eqaO1zDHHbQQQkOCWKgHHyqPD4UBjBkuH4uvCm1MjrsbVy4CjkRCUHO1EUEHcUxB1oy4xUbMLF\nFEXlTVUZFEABUYpbKHxSPHjhY4HTpUiQxvArA5lY7pjlUZdiKdikygrtF2HEfCXQ8LOBgcLdfyNH\nltiz/swsYA+IOwBB9RmoY296cGO+c8tyTSpQld2XarofcssL8EfC2AMsDkHvTkOaa4OAXA7jB70o\nBPYVcUkipcjmO5zuO1R3B60U5IxQixBweVGgdoMpXYI5UQqOh2rhijslCAnb0qVbyLw4dcn3xUVV\nGdzUO61a1s7jyrjzV/zcG3160Lju4REvgvEJPLnUmGFmG341TWOsWMrALcRk/wALnh/OtLaSxTKM\nHy8dt6y5t2PwXGPPIraS+CVlUnGQDS29jOyuzLgKMnfORUqS0eUBonDDHU1L0qOcz+ScKmM5PP5V\ngnme3lmuGFSklRnrwNJJk7kDFRvLbrtWqvdAmXMlswlyclTsao5onjfgkQqw5gitGDURmqixebTT\ng7kqIPlZO4zTlQINh71IZWG5BAPLamOwI24Qfanqe7ozOFChgOgxS8YqPnbc700nHKr2lW0SvNXr\nXeYGO1ROP0p6P8qm2irJC4B2JpxbtQOL13rg470LVhbkF574zSMoOwIJpEOadzO29UX2DK77jekI\nwNs47UdR7fWnqCrBhsRyqbmRRI915cAQxzeYGGTsVKn1p9rqkkHCOFJEPMMuT9e9N1d2mDytgsSO\nQxVfG5XiA5MMEdxVRxb4e7ljrUXcS7kl067ePKtA7D4iBsp9uvyqRN4dmRAyTQuG+4AcFvb5VVad\nKIbhXK5GCMe4xmtTF4htYonEqkLGgYYG2QNxWLP6uFpY+jThjhyp+rwzw39Lun3I1vTbeSMxh4uF\nWfYcRbffuBwn51534sXTY57ePTnVnjUpKV3DY5HPevRf0nazHqel3a6iWnvlKmDhAAiG2WPuM7ei\n1462R712Mc5LEo5FybNJBOpRbpCYyaIqEctzTFO9FTepFqzoH0z+h0W3/wAF2zWk5nDsWkyADG+B\nldvbPzrcSlVXf73Qdvxr5/8A0Ea61j4sbTJXxa6ghwp6SqMgj3AI+Yr6Cuni4uAuvGNx1/7VxtTF\nwzNM5ObFtbdlVNd2y3XkSSqJiMhTsTmqvxVaC90G6j4RxovmJ7rvVlf2UF2oEqcTdHGzD51zIPLK\nuDywQetHje1qS7Qj2qq7PEAKcBUrUrQ2l9PAysvA5AyOY6Go4FeyxzUoqSHo4ClxSjmMjI6irKBY\nbuPy5eGOb9yQDn6MP5/nQ5JuHNcDceP1OF2XHgS5kge8SNiodF4h0POtKsRdsAgeprK+GLae21F/\nMiZRwEZPLmOtasYCjGzZrh6pL1XKPkz5oyjLbIN5aQxnbJPM96EwDdPb0qQoDIOLnjnTkyvFwgHi\nGNwD16VluuhVle6jPLejRRHh3G9SRCpOWBo2OFcDaieR0CR/J+E4FZ7wvAI9T1QMPjWTGDzxlq0+\nDuajDTETUjdozJIw4XVeTDpVLLUXF+S7JA5UOfhB4lGDnlUzysICdqj3C5jODy+dBFpsqiKJWGDn\nBHajG5crgHemJA7AnbbuanWtuvCGYZ7f1q5OCKTkhsUYZVL7+mKkBFUYCbe1OOBsOVJSrss8/wDl\nSqpqT5YFcV6Cu45IzDB609c/Kp2nWnE5eaMlQPhBGxNLd2gXieNeHHNc1neZbtpRDHOnDfpiuWNm\nwVUnNOVeE4bPsRRtohy9qOI/hGxz1GKYE3oy5znNKm7LQNlIDADc9T71wzyycVMRAyjjJx261HdG\nViNwSdqWpLouhyRqXVZDlTtlTmg3MHlyEISQPTenxOEcBweHIzjnUqebzHU4CtjBK7ZqnKUZBKKa\noqnByDk5FPU7b1KdUYH7ufzFMmgEaBlIZjyHemeoibfgjnBPKnCJJoykqh0P7rDIro5Auzpk+29E\nVlz2/CibBKK+8KW82WtHaFufCd1/2qpa01zRPijeURDfiiPEvzH+1bcOg5upPbNGhYSNwJxu3YKT\nU/UyiqlyvyMjkfT5Mpp/ja9hA+0Ir9yh4Sa1OmeMYLyRB9o8mUbL5o4Tn35GqzWvDEd2rS28E0Nx\n/lhbhb3GPxrCXMMlvO8U6NHIpwysMEUUNPptYvZwzRGNrjg+kNGuJp48zxBTjPGDkMKBqemxz3qz\n5GNuNa8T8M+LdT0JwLeXzbbrBISV+XVflXoej/pA0q+cNco9tOTuHOVJ9CP5iuJqPpmo02RyirX4\nNu6MsahM193b28lm6SoFjVc5/h9awxUBjwnI71qpPE2lShl86BgRgjzRuPas/eXOncTNb3EWCfu8\nSnh+hodJvg2pJ8mTWxjKnB9EMjamlfnTknt5SRHPCxHMBxRFUHlwkdwRiunvrs5rTsj8IJxginhC\nDyqUIsdqcseTQvIXsACIY5b08Q91FTEgHP8AKjLACMnpSpZaDWMgLF6bURYvhG1WHkjpjArhHwnG\nKB5bDWOiCIupG9O4KllM570xhUU7I4lfex5hIGM5FQYoSxwy/OrtouMcqY9uEGVOfTemRy7VRSi2\nQI4Ar5NV3j26h0Lw19tZ/wBtcv5NvER95up9gOf+9XE37NC7/AgHES2wAHWvNf0+Xpk1rRrGM5ht\nrdiuDsS3Dv8AgaXFvJmhFPv/AIOho9LHNGcp9RX8nm2t3kk7yMWy7Z42PMn1rOcxWgispLxpFGQA\nCSxHXFULrwn0ziu1rE9yl4NmkSitqE6USE5XB50OnpsKxx7NTLbw/etpmtaffx7NbTpJn0DAn8K+\ns4LmxuYRNGApYZzvg+tfH8WGXvXu/wCivWzqXhuOFz+2syIW33K4+E/Tb5UrV4N6U0c/W3Fbl0eh\nzXKBCsQ4iepGKgwySLPxSksp6ZqVbQmZeIKWHLapTWMUWPNYjPTNYd0IcGGOOUluRi/HVit3Yi8i\nQ+dD971XP8udYILXs2qRQnT7iEYIeNgT8q8bj5DI6V2/pWZyg4fA6NrhiYokZK/dOD19a40qjNdd\n0+xkXTTNJpuoK8aEDHCAHUb8J7+3rWhgbzACOtYXTLOW9vIoLeQxu3746Ac8+laDTr2XSr79X6pw\npv8AspSMKw/lXF1UFGVRfJtyThqobZfcvJqoIvhFFCADc06BleMMhBU9RSupYbYrnN2chqmMCjG3\nKu4D0+lOUqH8vI4sZxnf3qRGoGCedC3QNCRxALl/pSgozbGldwM0Ak5zigpsiCTbnn6YqM6bHh3o\n53GeopmRtnpRxtBN8AlhwQc7dqmK47ioxJoLeYm6EsvbrVtWSC3urJTE8Z3HCacrLjnUZJQz8OGB\n9Qacee1VtKknDhlDJbouQSNtsjkaJbMsAA4FJ6tQhJkbUquAN637XVMyk+aT9nx7jtUUzOWOWyD0\nNAneQxN5eGfHwhuVUkmtvA4W7tJIifX8qqGFvpWVtc+ImhiAT7u3vSnDHdaqbXW7Kf4TIYz/AJ9v\nxq0QhkDKwIPIg1couPfAD3R7QpiIXiAJX2pmWBHbvUu1kKtwsfhPXtXToFlUH7zZxnrQb2nTDi75\nAeYVGKeXEkPwpkjn1oc8bJzBz69aq7nWIdO4s/HIR9xT+dFGDn9oatljsGyeR2xyqNNeW9vvPdQp\n6E5P0G9Y+/1S6vDh3Kx/wKdv96rzW6GhbXuY+OD5NpJr1ipxFJxHu6lR+AJ/Km/rqGZviv7eEf5Y\n5CPxWsYc+tJTH9Oh8sP0Ubx9R0xoyP138R7WbfnUeO80dC/Hqcsh6YhYfmDWL+ddn1qL6elxvf8A\nBbwRZuY9a0iHGJDIR1MZOfqKnReP4rCJ1sYONmxjiQIo+QrzjAruH3qp/TMM/vtkhgUJbkzT6x43\n1nUo2je78qMn7sI4PxG/41mJ5XmkLyszOerHJNIVFdgYPetWHTYsH/5xo0Nt9jAccqXNJXCnkDC4\nkAxxZHqM0oupRycj22oJrse9Vsj8FbUwxupTzkY/Op1l4g1OyHDb3kgT+BsMo+RyKq+E0hGDQTwY\n5qpRsm1I0kPjDU0OX8iX0KcP5YqwtvG7j/HtEP8A+NiPzrGCnKNqzy0GB/0gPHF80em6d4w0yVgs\nxe3J5lht9a01pdQXMYkt5EkjPIq2a8PAPYipVld3VlIJLWaSNu4POsOb6VF8wdfuB6a8M9tByc8q\n7G24zisl4P8AEc2pyNa3aDzguVkH73v2rWN/e3OuLkxSxTcJdgtV2DkbHwjlTVXPKiLGWPKjpEqu\nuBk5HP3oXJJC9rkFht18sF+fvQ54YGyC+COgqU5GNtzVRLGYjgtz7bUuFyfLGSqNcGY8fedcW9po\nlkwe41SXyMnO0QGXPoMYz6E15N+lnUpLnxW0QwYrBFtUfjD8fDzOR16d/h75r1LxPenSLq+1iQkf\nYrHy7b1kkY5x7cKfWvne/uHuJ2klYmQkktnrmt+jh7t/watHJyTiun2baS7it7Nbp8FGRMnGN8+n\nv+FYG4KyOzKMBjkDsKn2V8TayWc7FoXGFPPhNVjZVyvY4rrajIppPwaNLg9KUrE4cUoNcTTMnNY3\nx0bCdbD4K2v6KdVTTfF0UNwSLe8XyWwdg3NT9dvnWIh+4KLG7I6uhKspDAjoR1p0obobRGSCknF+\nT6zjumTEcPwKTsOtdcCTjIkB4ufeqXwVqqa7oFneggyFcSj+FxsR/P5itExJbJBLGuK1tlRyal1I\nAtjNJGWbCIRzY/yrx6RQsrgcgxA+te0M2VK9a8h1ezkstQmt5hhlbmORB5YrpfSZv1JKTGJRXREx\nThXAZpcV32Gi/wDBC51rfpE35itnqWmWmpQiK8hEi9Dkgj2I3FY3wTNHFrkayHHmoYx75B/lXoci\ncJwDmvM/UJNZ7/ArI3F2ins9Pt9GimMLyLb7HgYlwvqO3rU6KRJkDxOrKeRBo5TI33B9KgjTEhu1\nntGMIz+0QDZ/6Vn332+SJxyJ73TO1DTYb0KzM6SqMLJGcMKmx/s0RCSSBjJ5miKMCmsRiquwHJuK\ni+kCYFiW5imsCVIBKkjGR0p52pKJAoBZQywQ+XNMZscnYfF7HvRCvXNPJx/2ppzn09KK6LnJzdsY\nRXYHbPypTgGmk1YvhHHbny9qTiqFc6ja20nBPJjO3FjbNPh1G3mTjgmHBnHI86un8BzwZJJNlJG9\nOY+1DUYqJf3y2cluj8pWwT/CP7NdLa26RkSb4RZpk4zjHpTbm3iuYjHOgZDtTozjANPOaXYK45Rh\n9X017CbbLQMcK2PwPrQ7DULmyf8AYOeHqjbqflW1ubeO6ieKZeJWGKxOpWMlhcmJxlTurdGFbsGV\nZlsn2bcM1kW2XZrtN1y0l4Uvi9nMerqSjexG4+lXd1bTXumPLYlZ3jIdHhcPhgfQ7deeK85tb7hQ\nQ3KebB26r7GnkyWxMtpcP5T/AA8aMVO/7rDv+FYM2gbl7ZV+/KNHoYqtGl8Q+J2aAWlooWbGJHxs\nh6hf61jCSWJbcnfJ50XGeQrlQOcFlT/M2cfgK6mnwQ08KRSikwPD60uO9HeNAQI2Z/8AUuPpuaWN\nUB/aIWX0ODWjfxaLI5UA70hXYHHPlU67hgkvCuneYYjjhWTHEDjcfXNarQtEsbfhm1CMXDHmOaj5\ndayZdXHHDc0/2BlNR7MLw+lJt6V6vLp+kyYEVhacPfylz+VQ7jR9LaM8FhGSeXDlfyNIj9UT7iC8\n0UeaY22riMVs5/DdjKRwfaIHPQjiFQbjwncKubaeKQdnBQ/zrTHX4pdui1mi/JmSKTAPOraTQNRT\nP/Dlv9LA/wA6jPpl6n3rWb/01pWbG+pIPciAy45ZpVXnmilGViGBDDmDS8PrTVyEmB4aeqmjRoHY\nKoJY7AAVaxaFqUoBFjOP9SFfzxSMmeGP7nRG6KcRk08QA43NX0fhrVG/+nC/6nH8qs7HwdNKoM9z\nHH3VQSfxxSJ6/DHncBvXyZMRKBnHKnhRjZQBW/h8I6fFjzTLM3+ZsD8P61bWWk6faANFaQq2PvFc\nn6msWT6rFfarB9RHmdtY3VyMwW8sg7qhI+tXNh4Sv7ggzqlvGeZY5P0FeibHGP72pAdyBWOf1PLL\n7VQMpsrNE0e20iI+T8UjfecgZNWsZDMQ2TgcqaNzkbU9GVWz1+dYJyc3cnyD32RVvZVmAckLnHCB\njFWDJ50QIZkJH3l51U6qylgR947k1EjubuJOGJ3K9tjRPFuja4BU6dMtZYpHPCLiUAcyTj/ehiwi\nUGUuSyjqQKp3uJSTxEg9SdqNNJciIKeJgw5UXotcWLc4s83/AEyam0kFrpsBBDEzS4PLGQo/930r\nyFlIcjGTyr0j9LdjdxavBfPGwtpIgnGBsGBJwe3OvPG3bIrsaeEfTVHS0Xth+4PyJCuQrE/Wozjf\nb8KsY5QBhieGq68cGY8G1NzxhCFm3G25UxMjvSA/FQge9OTc1gcr6NFE+LZaeelMtxlRk09vhINb\nEuLESfNHr36CJp1OqxvJi1ARghP7++/0r1xmC4AI35714B+jbVxpeuwcZxBcYik9M/dP1/Ovd3Cq\nM5yeeMVzNZh9PJ+5y8ze5thTIo5/Fty7VjvHltxfZ7sDvGx/EfzrVJnniqvxTEJdEnzjKYcZ9/8A\nel6aXpZIyFxlyedqO1KBnlRCnCSrKMg4OaVSyqVBGDz2r028cXHgu0S61pDICfJXzQO5BGPzr0S4\nmWN04xwq/Jzyz2+efwrCeBttYf8A/Ef/AHCvQHjWVGSRFZWGCCMgivNfUG/XFTGBhjpTWO/KojQz\n2R/ZcdxbfwHeRB/l33HLY79s8qMHaSMPEvGvUcj9D+RxWZNCmmGP3CetBz3oEN9byy+T5nlvnGGH\nD+dS3iYDK8LDpg70fT5IBOO9cDTuDvTWKjAJHEeQorI2IdhUO/1G2sERrlyvGSFAGS2KnZwPWm3O\nr2GnQcd/bpc27SLE4ZQ3DnOTv6CgnJrlKwsMVkntboytz4z06AZdLjPYAZ/P0P0qNF480eQOJPPh\nI5BlBz9Cad+kLRNAuNbgZPEKwtOwZoZAHWJCpYEEHYbAAHv2ry7VWhWR7ayuvtFmjlklMfBxZxvv\nuBtyrVp/TzRtJ2dRfToLiTNVdeIxP5Li9WRRkshi4Tk/eyOoP94qXo3jJNOsxCkAkJPEzcY3OAP5\nCvOsNupz6inqdq3xxpxpxNC00fLPZB71Q+LFPkW7gcmIzV4YpQOIDiXuDmqrxL8WlkkYKuD/AC/n\nRYZLfE8xiknJEzQrv7bYo/76jgYeo/rVpGpNYjw5fG0vwjkCKb4T6Hoa3kffrQ6nH6c2vBeSOyVC\nNkDlUO/t7a6h4L0ERDfjBwV9jUueVIoy8pCqOZNZPUb+bUJOCFWEfRR+970vDBzfHH5Bgm3uRF1C\nLT1cpYLKyg/4kjc/YYFR4kbmuR3P8jWhsPDU0iGS5IViMrGDuT6npVhp2hJG3/Epl+QTOwrUtTjx\nxcU7NbzpdGXhsJ7lDJaws3BzIYA59BQ54JUyZIXiYfeVhj5itpawLZaxJAg4Yp040HTI2IFT7izS\neNo5AMHoRSf1rT/BX6h3yjzUVM0/T7jUJQlume7HkK10GgWMb4e2BIPMsxA/GrSKGOEcMKqij+EY\nosv1BV7FyR514KnT/DP2QeYJFml6AjAFOhBSYwSBS3MDi69qtnaUD9gwD9AdxUa7t0mhJwFuhurD\nY5rD6s5O5sU5W+RUj4N1PPnmicRztgigWs4ngVx97kw7Ec6MBvvtVNfIPQ4EEZJoYBUfE4Jp5Bzt\nSMMj1HpVFM7KgbnB9KBdPDHCzyuEVdyTVe8d5AZBbwhizEgu/T86qbjStRvpD9ruI0Xoq5IHyxTo\nY03zKkFGvkpdTnS5vppYwQjH4c9gMUOysp72YRW8Zdj25D3Naqz8JQgq1xcNIOyjh/ma0dkttZQm\nBIVgA5EDn2zWnJr444bcXNGl5ElwQvDGjQaLIs9z+0uSOZ5L7f1rWi6WSLixt3ztVNHfwnKTjhUn\nAJHwmgXiBFAt3YAjJXFcjJeae6b5AjJyko32WMtzGJMrkHrTW4WcMhODyI51EsWS4TypR+0G6kHG\nRUlIViYgt+FXKKjwVmxzxT2yEKuG4g7HHQ70WMNjPSngrwkHtQ+PypAfMDL26igACrP5Z+7nIxj/\nAHoSSAyZkOP60UN8AdeErXMsbjOMH3xUpBbmBNysc5QkcJ3U/wAqkBx71V6kBGYj2b6ijCTbb6Uz\n01Voq6CXcAmZW4+HA3qDcxCIrgk5HPFSiOM7nb3ocdr590YllhVwN/McDFWpbe30BTk6Q224QuSx\nPpTmkDuAAcDvRNSa08Nw20995d2s7+WEibBTbJb15ctqadX8LyODFeyRejRsR+VKWRzdxi2vmjRL\nTSjH3NJ/uHmt1ubfyp0WWNxgq65BHY14V+ljR7HTvE0cNhbxwIbZXZYxgFizb46chXvltfWE5b9X\nCS6ZBgkDhUH1Jrwn9Ls3neOLwcvKSOPHb4Qf51p+nNyzU+OxmBbZWmYVLXikVEGSTgDvQPEmly6N\nrt/p0wPHbTNHnuAdj8xg1sf0c6WdW8b6TbBeJFmE0noifEc/THzof6ZpbK68e39zptzDcwyheJo2\nzwug8tlPr8GfmK26qa9ZYl8WdXDJ9nn2KcuxopUEdAaQLikem4uzRZLt5AIwOop3GWqKmzVJTHcV\nrhJyXImS5LTTXKp6g7GvpPQrkaho9ldjfzYlYkd8b/jmvmazY5wOXOvd/wBEF99r8NyWrMOO1lIA\n/wAp3H48X0oPqMLwxn8HPzxtm18vgG/PnQb+yF7p9zCD8TxlQM46bfjU1YxxYduFc8+Zpjpg/Efh\n6H+dcZT54M22uWjyIDGQRgjbHalUZ2xvUvVofs+qXcQGFWQ49icioiliK9RjlvgmNNH4HH/zlsnH\n7I/+5a9EYEEFfnXnfgcf/OH5/wCEfzFb4tgbFhXnvqH/AOwEg+5+8prmGBneqy91Ca2I4ba4nB6x\nrkD123/Cq2+1qR5o/srOkUQEkzmPBI6LuKyxxylwitjZY6rp8V8MsDHIq4D9/TY10CGGNITMJHUc\n25n5ViNW1a6upSzuwGcqq8hUiz0zWTe2F00ErqVDk7ghBnAbAJ3x23yK0PTvFBb5JFxwSl0bXPem\ncHxAtjbkRWD1jxbfSLNafYxD8RQlSxOx77Zxis/NrupWiK5M0CuMrx5GR6Z5+9Mhp5SVt0Mjo5tH\nqeoTGCBnDAEcyenrXnvi6aKzslSPUYbmaU8ckURPwYJxknrudv8AvWc1DxBf30Ailndowd1P4VVP\nxSEFySfWtmn0M200zXp9Coe6fYCR2mkLMOZppjB6VI4AFoe+M13cWmUFT5N7fwC4cUnCO1Eb3Bph\nO/KmSWOEUpA2y9j1Cbh4dgMY222op1C4e3MDPxR7D4tyMHOx6VXoMDeirUeGHwcX04/AXtivQNB1\nBLyziy6+eowy9dutefpRYiUcMrMrDkQcYrNqsHqxq+ReXHvVG5u9Pu9TuwhxHbp1PI+tXNlodtaR\nAR7uebkbn51kNN8R3EJC3f7VB1GzD+ta7T9Qt79UNvKD1YcWCPlXD1MM2Pjx+DLKDjwWcAMcao2N\nuopj3ECy8DsFb/MpAPzrvJHFvLJyzsaSW2R4xHICwHVjvWTh9gKkV/iE+VDbXsagNBIGP+k7H+VE\ne+aMhriAxwuB+0ByB71H1TT5jZTx2jExsu8bnn7Gh6NrVrcWsdpdJh1QR4IyGwMfWrUG43FXRaXF\n9lxgSqGRwRjmDQmCg4UMzdsVDtz+rLoQsw+xynMTtvg9s1aQOHhzkg7gnGOVStvRdAhEeLbrv7Uk\ni4Y4Az36UWeUxxk+XxNyFDVZin7QoSRkYGP51FIForo4jFdzEcIR929G/wB6kEseWKh3FukUUmNp\ngc5zvnmOXp0qXCweJXA2YZGac3xZbHDJHWgn4jswPTffHyosLO+SwCp0HWoWoy/Y5o7jB8lzwSHo\nD0P8qi5dE74JEyyeUTEV8wbr0B9DQbS8ju4SyrwOp4ZFbmp7GpAIPPHyqp1WM2Vx+sbcErjhnQfv\nDuPUUSjfBaSZcxcXDkAcJ7GllBcANue/9K60dZ4EkilJVhkdaJwsB8Ts3ucUp9lp0Bi4ArR4yOob\nfNRriU2i8MnE9v8Axc2j/wBvy9qXUS0RSWPbh2I70a3niu4iy5yCVI7HAP8AMUTXFs2Z44pYllx/\n7r4ZF8wJMrK4EpwQByb1H9nnWmgxPAjMMZA+VYPW7BYk8rf7O5zE7H/Bftnop/D6VpfDV+93pkQk\n/wASLMUgPMEbb0OaFxUkBkzvLijF+PJOaF/OJcjgHKhXKgx4WIg9yP8AepE4mLExgFTyFRn+M8Mv\nCD7mlRfkzoiQ3zQOEO6/lVnx5XiAIHeq2a04/ijOTnlVrC0aooJIYDAyKLJXDRryrE4xcO/JBvI2\nlQKBk8QO9KIyrYbBqe8YkICEM2M0Jo8A9MelCsiqjM4sqte1WLRtNlu58EIPhUdSeQryK/8AGN1O\n7uI142Ocsc1afpT1hr3UlsIMtDaH9oRv+0P9Bt8zXnzbnNdbS4lCG+S5ZswadSVyLl/EFywb4RxN\n16D5UBNYuvMUs5571WHbpSGQ8vxrbGaXboc9NDxE9N8PeM7fw5C88ty15I67WsIZVJ7sW2+gNYrx\nldtf+JtSupAFZ5dwOQIGCPwqHoFk+q63Y2S5JnmWPn0J3/DNF8SNxa3qDY53EmB/1msunxw9dy81\n/wAg+ksXCLDw3rcPh7QNduonH63u0WztRnDIrZMj/go98dqwMrMGPGCG9aJdsTK3ofpUVmyeeaRl\nSU5S8s6OKFJHGTeu8z3oZpNqT6jHUiRxEnajowAxUJDwjAqRAcuM0/G7YEkXNmAFznltXov6J9bj\n0rxB5M7hbe8XyyTsA4Pw/mR8682sDsw6VYQhmYCNSzc8CunkwxzYNj8mHKuT6lluMSYKBT6jNBkl\nXgPDgHrkisf+jzxT+s9PSx1YA3sS4SR23kQY/EAj3qpvvGgOgoeILezFk+AkBMdc+2K8ytJPc4Nc\noxSjJsk+Loyuss6jaRFbb6fyqmKOADwkZ5VK8M32m3GtQRi5ubgtkB2gL8JzzwM8XqMfOtl4jj8N\nWJiSNIJbxyY/KhOTk5JJUMD367Vu/VvTuOJxb4GVwU/hFWtJLm8uEdYYosE8JOSSDj8K0cHiPT5A\nOOYREnGGOfyoNho9nqNgLRFmt43ZXy0ahS2Pu7/ESN9x3rOeJbjR7CX9Vut40ttlftJwSTtgY6jn\n7Z2rA5LU5Wmnf/BKTVo1+p30iWamyliLSnhVy+3y9arIdHnVEiuJo/LILMwOcnn8zvWe0nSzfWbN\nb3sDFsFQXwp3+Li7EAjnz3xmrTR9Pt/Le2TXrNOP9mwhcsNsbZyBnfl2oZRjiTUZc38ckjEpdauL\nS3S5gUrPKCAJApwgPXIPPpyIqgGo3iCJUu7hIo2BAWRtufLfbnWvi0/Q9Ba4mv8AVILufyyGgIAQ\n5HwkA5JPY8hXniahHNLHGkTqSSBk5zvtj/tXS0k8c21LlfLN+BXwTZNSvtgt5cooOQFkYb9+fOq5\ngGcsclzzJ51d6dbaXNbNLqOrQWoI+BF/aSE77sByHcc6rp4YI4mlW+splBxiKX4jvjZSM10sebS7\nti7/AGNS46IXCOWwoZyNyMelWMGmX15atcWlnPNbg8LSRoWGRvUMgxowkjwxx94EFflW7Hmxv2xd\nk3X5I5696aTgU5stnCnHcDnQmbDAE4z3rXaIJjPpTCu/OiH71cyNnkfpWbNBTfJLJ+d6Io5GkUDm\nMUaMelMcjjsVBR1SmqKKhINKfIpsUAY3FEikeGQPEzI45FTg0gxjeuxQOKfZRrND8Slitvf8ycCX\nG3z/AK1qj8IDcQIPWvKiAa0Ph7XDasLe+ZntDsOpT/auNqtFX+pj/sJyY7Vo2JdWIIfA6k1kNesV\ntbyeRH4VPDIoHUHOcfMfjWxgS0uYw8KxyIdwwOc0K8soJFVTAuCeFhjYg96w48vpyFQltZnNG1K3\nkhe0ugo49ic8Kk779AD6/wBm1tHukle0aVONV2JB3XuKo9c0GWxJltQXt/Tcr712nz/brdITJwXc\nHxW7cuL/AC5/KjnjjKLnjfHn8BuK7RtbdmSIgku+5BY8xn++lU8MtwkkkilZIRu0anJTly696Dpu\nshnW2vuGObPCDjCt/Q+lWF1ahmM9uD54HINjP+9JcNj5Fcrsh/ao5tREUHC0TL5pOMYPL+lOtJcT\nTW7/AHkOR6qf96qc3NrI+o8ANu8hjkCrgjG3Lpvn511xcp9vg1GNi0TkROcj4QeXr3+lNWO1x1/y\nHtsv2ao9zbC5t3gdyY3HDTpmYoRFwlxyB61VnV44pfLuUkt2/wAw2Pzoowb+0FRb6G6JPJwyWk2W\nntzwE/xDvVwEQp+0TY7EEVndXb7NeW+pQYKk8MmORB6n6H6CryGdWCspJjYZBB2Iopxb9y8hTXUv\nBUW8/wCpb0xHJspW+A/+We1Xry4AmVxwAbjn881WXcKXDSW8pyk6caHqrjAyPwqq0S5livH0663G\n6jPTHT2POqeP1FflB1u9yLjWb829usix+ZETwyjqM8iKg+F7pRNdxhiy8YYZzvkdex2FAiuRBcTW\nVwQyocHjx9wjYj0HI+4PeoVoDa6tLBbSriVco/NSQMjP4j6U2GNODiaJ40ovZ0zbXcEd3aPDKA0T\njB2zVF4YkktdZu9PuXPm4DBj/wAwDbi9yOftXW+smG7WG7HkyMPhOco3pml11HxBqVuv7e1biwP3\nk6j6ZrOoNJxfT6MsU17X0zX44UJMmRjFQn4w3w8LD1qJHdRywxSrJmKQAgjlg8v6UrzGO8t0Y5in\nyq56MBn8Rn6UtRplJeCdGpAJbHpipMLDy2DRhs8mI+7UYbd6KrLjfi5dKXONoOLCHhGPLAX8Kp/F\n+t/qnSHkJDXL/DEvUt3PoOdWU1xFDDJI5wqKWJPQCvCvEGvXOr6vJdyORHuscZ5KnTb86dpdP6s1\nu6Q7HCWToiJ5rSymbiZnPExPUnnVRLH5crKehq0N2xA4QB89qBeFZkDHIcD616XJFSikvBqx7oy9\nyIKjfuO1FEUZ34RTOBwpbGAOvSjQxTSiRkQlIxl2HJcnAz8yB86QmlxIe2aXwRqGm6FrB1fUQzfZ\nkIhjjGWaRgR8sKW39qyepTi5u55gpXzJGfB3xk5o06kwxhc7k8vlUKb9mpLchR4sEYZJZPngU/c7\nQ3Q9K/W3iTT7Eg8NzcJG2OxIz+Gad+kDRI9E8VahZWcckdrEw4OPiJxgdSAef9mrDwrqKaZ4hstR\naNpUtX8xlXYkYNWvjPxdp/imXzbvSobOZRj7SvE7kdFOMA8juRyxXI1GKSzcfaaI5WmuDzRkbuKb\ng9xmpslzbkDFuGIO+TgH23zRbObgvIpUtYCq8o5F4kbbGSCaKODe6jyaoyvtUQY4nfHCrHryqdFA\nVRuNlTC8Qznff0o+qXyYTygiyPlpEQAKuTnYdBj/AH61G89pNwxYDnk1tx6eEHTfIM22+OiRA/Cc\nA5x2q606S7DILZf2jq2BkAkcjWa85FbDcXrgcvlRZ7ppnByRgADptWh54Y4/Ip4nJmpbU71Ujb7T\nFEsY4U4XXI29Mmo9vPJBL5qy4kXZXXmOW4rNq4GM7ipIujgDPKkrV4qe4n6V+DQ22q3Vpci4tZ5I\nZVYsrRtw8JPPAGwo/wCs55bgySSs8jEksdySef1rNrdZ51JhvRhRw8uvWkfqISmFLT/g39z4ikaD\nTkgEkL2u4k4yWB6YHL8Ki32rT39w812xkZiTxPgt02J59PlmqGO7ikiySue2eVRbm8LZUNjpla2e\nlgwx3oRj09ujTzeIriGzFvZNNFboeIqp2DN1J74rtM/Wmtgx2ourmWPL+TEMhUyPiAz3JGw6Desi\n13I+xYgcIXA2GOfKtF4W1q4060vorN1ikuQEd1HxBR2PQnOO+wrlzn6k9uGPP5NS00YLczQaVpdg\nbx4tWvJA+G/4e0TzHZsHADfdzyH72+1Wuonw1ZRpokFjBcX0Mg8y7mYDjZehYHOGAGQNgTtWNWQp\nIZkbhfnxDbBqNPGsm554xzp0/pcpNSlK/wAf/wAJf5o2BfTLSzVv1NFJHwESTSIGY5BAILE4IODt\njOMb1jtRuYTM62EXlWxxhCcnpnDYBGcH61FkGDjPXNN+lJWLY3SHYsW3luzW+FNW1h7qCw0SRlVp\nMBCRwqDsSeL03+VT/HGkXUN/cSTa7Z30lug4x5nA4XGw32OCMYBzluVZ9Rb2OgJKl5HPczt/4bBB\nhG4JyGG+w57elU0szPnifFZvcsinB0SGKLbaRdWVzqEdpKvkusPAHd3iJXh2O+3LcfhUGe++0vlg\nisTvwxhSffG9O03xLqulM32K9lQEEMjnzEYHBI4WyOgqruL+a4kZ5mLM2Mnl0xt0H0571ux6ycZt\nyS/cL0ObRZU4gZ+6I/8ALkVX2k6lgpkGOz5H0P8AWraKAugKqcHf7h679vWuxh1UJxsTJbXySdKi\nlv7S6liYPJbbyW/CVfh7gHt251MsNW0VrIrc6fc/aQMiSKcYb5MKxOj6tdaZex3NtIRKnIk5yOx9\nKsL/AFEX9wZzbxwO27+XsrHuB0P97VzpOeR1J8fjgwSw/BpojxxJKqsIpM8BIODjY4PXBoqiqO21\nowrbI8X2iGJcFZXP/wCpGMD075zmr1mSa2F/YQSPZghJMuC0LHo2ANs8jy+e1WtQ4upqrEywSq0G\nit5pR+zTiPQAjP0pz2lzGMvbTKO5Q4qP9pYoH4sEHPLBHatdpviaGCzVpQrEDhaNT8QPceh+eKmb\nPlx04q7Mr3RdNGVZHH3lK+9Weh2TXMksxt/tEcK5MZOOM9ge/P6VpB4u0tiPMMiZHNl61Ig8SafP\n5i2r8cwXiWPBUvjoNqx5tXmlBrZRTlJeCusbd+E3Xh65JU/etZTnB7en971b6bq/2uZ7a7tZre6C\n7oykhgB0NY7WNXiW6ju7CKS0vWOXx9117+9XXhzxWtyGg1EqGzs4GBjsazZNPN4/Uq/8/wD0p49y\nujWQzJKgKlWRhse9ZnxHoSohvbAcPCeKSMbYHce3OpmiXSrPf2wZS8Uzsqj+FjkU3UQUu4tSs1c/\nAVmjIxxDpkdRufpWaDljnwRR2ujOy3AurdftiftyM5x/iAbcSno4+h96fY6rcWTpG9wfJJwsjKWX\n2I5g/j6Go2m36pdtC0amzlchopGGF+Z5Ed9vlRdc0wWl0BZSGZnIPkEZPp6H862bUm4T4vlFygaO\n2vUkhaC4tz5LrjzEPGjg8zkcjnvisvqcD6XPJCCXtZVzGc5z2I6ZB51K0y8iVgkLPa3anheB/ut8\nj/396stQ8vUrRoJo0ju1Usg6Njt/e1DjTxSp9P8A9YvHJxlUiRay+dYwsdyyDcd+tV+pMgPlajEz\nxt92VOa/P+z6GmaJdM0KRcUZ8vKtlvjI55A7ct6drdwLZEITKS7MCcqT6jv7EUexqdIPZtybSlvb\neawt2CuLjT5xhXHLPP5Ec8U2x1ua1szAyh+H7hPT0P41OtAyAzaY7iRgY5LeRQ6nI5b8xjvg1Xpo\n98/mssIQLGZf2gwCME/D3O1MhOErWX/oe4qSpki+1aGeKOaMvFdIQQpGQ3z/ANuVAvtRhlvbO7t2\nAf4fOX+Eg/0NQ7NEW+jF9HwxqQJULcJwew5g/wC1M1e1i0+8mia5jZIwCHU7MMkdcdqZFYoy2plx\nxrpFx4ziMclrfQkfwMw+o/nVdon/ABLiY54bX4+EdTtj8j88nrXX+vaVP4d+yNdh541Xy8j7xDem\ncfCaqdL1y0trCeIBmnuNtgSMdOZB6nlnnTcb3Ytq7ToKOOfp00bq7a2vIFSZVeOQZVuR989MZFRb\nO8m0+ZrDUG44nGIJm/eHZqzEevF7dIWBJ8wFX4jlfrz/AKHlVqlxbXWlLFcZKRfC2CMqehTv7HHa\nlZMLxcS6Yh6eUeGWnh258nUJdJnw0KhlTtwnDAZ+R+tS9XunhtrHzD+2h1COJj357/NT+NZLSZfs\nWuwSIzSxxzBfMAOCDt8tjWm1mI33jDSbNASJZI5ZBzGUDnP04voKzajFGE78VbI8b9RJeTWT3dtb\nqGuJEjU/xURpYB5YaSNTJ9zJxxe1UWuWbHU/L1e3kRHULby2z7ZBzhvlnmOnXnTVaPxLYhtNjSK7\nsyeGI7sBtjfOOnbniuemmlLmg8mn9OWyXYTxzI1r4Wv5I2wSgTb/ADED+deLIvlFXnhcxsdiQVBH\noe/9+leh3ehXmsW91Pf3D20cLhD554kJ+IMclhjGADz9K0U/hu01DRYftl6slrsxkAIwgUhcEtz3\nG5+lbcWohpltu77GYpQxR9z5Z5f+ori50/8AWGnwXEtnxFSTH8S4Gc7cx6jr2oH6h1IpaOtpKVuv\n8HYfFz9duR59j2rf63rXh7SdFh0zTbn7VMjK0iW0h43QN8QYpgN8IwM1WeLf0lxW1xbvo+jQQ2yL\nv9o4R5udtlVuXXJ3ooa3O+o2h0Jb+Yknwdp0+kaXdyavHb28KSf4jyIHjbGNycgfPf03qj8SeN55\nBJY6FLBDbqoDugCtIRzYYAx32A5VhvEfjLU9ajeCSRYrZyWMUWQOvU77ZP1rNFgGyCTg5BzypkUt\n/qZeX8Dsenk1cuzYR6zJpchWe2t5wQQY5V4gMjGR67mh3mjS3Fpb31lL5sE+W8p8I8YyfXBHr+FZ\ng3ck8iCY+YFGO21A1GY/aMq5xgBQDyAGMdPy+taZ6hW8keuhvpyS2KrNZFZQQ2NwbmaW0KMDxuvE\nzLsCAgJAIznJbB9Kyd5InnOIZGMediwwT7jegxXAVG48ux5ZOw9aANzzJNZ8ufd15GYsTi7kwqEc\nXcVNtSDKeLBUegquBwdqKGCcLceD603TTcOfgOcW1SLK7t4vLQAqGB3P+9VLPvseId+9NknkkADs\nWA6Ghii1GrjlnWNUFjxuK5YUSEY60dJOLrULJzypyuVO1YXJoZSJ3FvTg+9Rlk4utEBpd2GSFkOa\nPG7AZBI9RUEHBoqucYqXTshOSYg/e360/wAzJ3NQ0fGMUQMe9PjunHsipEtXydqkROQdjg1DhII3\nO9GC43xvTMOCTW4j+CwW4k4SvESrAZBNTIZmdMM2SOQqtiUEbcx/ealxoFGSOldPFCcZ2nxQtxTD\nnL786eI8HcU+Akg4B9cipkEJI5U5aeKVtk3eCCy5GBzoTREirsaY5t/NETmPi4eIjbPbPeoc8LRk\njy3PoRikvFjmnaDUn0VLqRyHvQmBFT5YjgMwwKjlV4wDxYPYViekrhBpkcDNaPRvEz6TYrarZ6LM\nAS3HLEzMc9zVHwggcOWjGQpwcc654rdWw32TH7vG2+OmaVLTyjwVJRl2f//Z\n'),(25,NULL,'2025-05-16 05:44:14',NULL,'1402723984402493@facebook.com',NULL,'$2a$10$BKGtZTN4A9yyJBWP8s67Bec3whnDKsPfkf/gotc0Etv0MWOFejp9.',NULL,'UNDEFINED',NULL,NULL);
/*!40000 ALTER TABLE `users` ENABLE KEYS */;
UNLOCK TABLES;
/*!40103 SET TIME_ZONE=@OLD_TIME_ZONE */;

/*!40101 SET SQL_MODE=@OLD_SQL_MODE */;
/*!40014 SET FOREIGN_KEY_CHECKS=@OLD_FOREIGN_KEY_CHECKS */;
/*!40014 SET UNIQUE_CHECKS=@OLD_UNIQUE_CHECKS */;
/*!40101 SET CHARACTER_SET_CLIENT=@OLD_CHARACTER_SET_CLIENT */;
/*!40101 SET CHARACTER_SET_RESULTS=@OLD_CHARACTER_SET_RESULTS */;
/*!40101 SET COLLATION_CONNECTION=@OLD_COLLATION_CONNECTION */;
/*!40111 SET SQL_NOTES=@OLD_SQL_NOTES */;

-- Dump completed on 2025-05-16 12:49:42
